doctor,picture,abnormality,assess1,correct1,confidence1,assess2,correct2,confidence2,domain
1,1,0,0,1,2,0,1,2,back
1,2,0,1,0,1,0,1,1,back
1,3,0,0,1,1,0,1,1,back
1,4,0,0,1,2,0,1,2,back
1,5,0,0,1,2,0,1,2,back
1,6,0,1,0,1,0,1,1,back
1,7,0,0,1,1,0,1,2,back
1,8,0,1,0,1,0,1,1,back
1,9,0,0,1,1,0,1,1,back
1,10,1,1,1,2,1,1,2,back
1,11,0,1,0,2,0,1,1,back
1,12,0,0,1,2,0,1,2,back
1,13,0,0,1,2,0,1,2,back
1,14,0,1,0,2,0,1,1,back
1,15,0,0,1,2,0,1,1,back
1,16,1,1,1,2,1,1,2,back
1,17,1,1,1,2,1,1,2,back
1,18,0,0,1,1,0,1,2,back
1,19,0,1,0,2,1,0,1,back
1,20,0,0,1,2,0,1,2,back
1,21,1,1,1,2,1,1,2,back
1,22,0,0,1,2,0,1,2,back
1,23,0,0,1,1,0,1,2,back
1,24,0,0,1,1,0,1,1,back
1,25,0,0,1,2,0,1,2,back
1,26,0,1,0,1,0,1,2,back
1,27,0,0,1,2,0,1,2,back
1,28,0,0,1,1,0,1,2,back
1,29,1,1,1,2,0,0,1,back
1,30,0,1,0,2,0,1,1,back
1,31,0,0,1,2,0,1,1,back
1,32,0,0,1,2,0,1,2,back
1,33,0,0,1,1,0,1,2,back
1,34,0,0,1,2,0,1,2,back
1,35,0,0,1,1,0,1,2,back
1,36,0,0,1,1,0,1,2,back
1,37,0,0,1,1,0,1,1,back
1,38,0,1,0,1,0,1,2,back
1,39,0,0,1,2,0,1,2,back
1,40,1,1,1,1,0,0,1,back
1,41,0,0,1,1,0,1,2,back
1,42,0,0,1,2,0,1,1,back
1,43,0,0,1,1,0,1,2,back
1,44,0,0,1,1,0,1,1,back
1,45,1,1,1,2,1,1,2,back
1,46,1,1,1,2,1,1,2,back
1,47,0,0,1,2,0,1,2,back
1,48,0,0,1,1,0,1,2,back
1,49,1,1,1,1,0,0,1,back
1,50,0,0,1,1,0,1,1,back
1,51,0,0,1,1,1,0,1,back
1,52,1,1,1,1,1,1,2,back
1,53,0,0,1,2,0,1,2,back
1,54,0,0,1,2,0,1,2,back
1,55,0,0,1,1,0,1,1,back
1,56,0,0,1,1,0,1,2,back
1,57,0,0,1,1,0,1,2,back
1,58,0,0,1,2,0,1,2,back
1,59,0,0,1,1,0,1,1,back
1,60,0,0,1,1,0,1,1,back
1,61,0,0,1,1,0,1,1,back
1,62,0,0,1,2,0,1,1,back
1,63,0,0,1,2,0,1,2,back
1,64,1,0,0,1,1,1,2,back
1,65,0,1,0,1,0,1,1,back
1,66,0,0,1,1,0,1,2,back
1,67,0,0,1,1,1,0,1,back
1,68,0,0,1,1,1,0,1,back
1,69,0,0,1,2,0,1,1,back
1,70,0,1,0,1,0,1,2,back
1,71,0,0,1,2,0,1,2,back
1,72,0,0,1,2,0,1,2,back
1,73,0,0,1,1,0,1,2,back
1,74,0,0,1,2,0,1,2,back
1,75,0,0,1,1,0,1,1,back
1,76,0,0,1,1,0,1,1,back
1,77,0,0,1,2,0,1,2,back
1,78,1,1,1,2,1,1,2,back
1,79,0,0,1,1,0,1,1,back
1,80,0,1,0,2,0,1,1,back
1,81,1,0,0,2,0,0,2,back
1,82,0,0,1,1,0,1,2,back
1,83,0,0,1,2,0,1,2,back
1,84,0,0,1,1,0,1,1,back
1,85,0,0,1,1,0,1,2,back
1,86,0,0,1,1,0,1,2,back
1,87,0,0,1,1,0,1,1,back
1,88,0,0,1,2,0,1,2,back
1,89,0,1,0,2,1,0,2,back
1,90,0,0,1,1,0,1,2,back
1,91,0,0,1,2,0,1,1,back
1,92,0,0,1,2,0,1,2,back
1,93,0,0,1,1,0,1,2,back
1,94,0,0,1,2,0,1,2,back
1,95,0,0,1,2,0,1,2,back
1,96,0,0,1,1,0,1,1,back
1,97,0,0,1,1,0,1,1,back
1,98,1,1,1,2,1,1,2,back
1,99,0,0,1,2,0,1,2,back
1,100,0,0,1,1,0,1,1,back
1,101,1,1,1,1,1,1,2,back
1,102,0,0,1,1,0,1,2,back
1,103,0,0,1,1,0,1,1,back
1,104,0,0,1,1,0,1,2,back
1,105,1,1,1,2,1,1,2,back
1,106,0,0,1,2,0,1,2,back
1,107,1,0,0,1,0,0,2,back
1,108,1,1,1,1,1,1,2,back
1,109,1,1,1,1,1,1,1,back
1,110,1,1,1,2,0,0,2,back
1,111,0,1,0,1,1,0,1,back
1,112,0,1,0,1,1,0,1,back
1,113,0,0,1,1,0,1,1,back
1,114,0,0,1,1,0,1,2,back
1,115,0,0,1,1,0,1,1,back
1,116,0,0,1,2,0,1,2,back
1,117,0,0,1,1,0,1,2,back
1,118,0,0,1,1,0,1,1,back
1,119,0,1,0,2,0,1,1,back
1,120,1,1,1,2,1,1,2,back
1,121,0,0,1,1,0,1,1,back
1,122,0,1,0,1,0,1,1,back
1,123,0,1,0,2,1,0,2,back
1,124,0,0,1,1,0,1,2,back
1,125,1,1,1,2,1,1,2,back
1,126,0,1,0,1,0,1,1,back
1,127,1,1,1,1,0,0,2,back
1,128,0,0,1,1,0,1,2,back
1,129,0,0,1,1,0,1,1,back
1,130,0,0,1,1,0,1,2,back
1,131,0,1,0,1,0,1,2,back
1,132,0,0,1,1,0,1,1,back
1,133,0,0,1,2,0,1,2,back
1,134,0,0,1,1,0,1,2,back
1,135,0,0,1,1,1,0,1,back
1,136,0,0,1,1,0,1,2,back
1,137,0,0,1,1,1,0,1,back
1,138,0,1,0,1,0,1,1,back
1,139,0,0,1,2,0,1,2,back
1,140,0,0,1,1,0,1,1,back
1,141,0,0,1,1,1,0,1,back
1,142,0,0,1,2,0,1,2,back
1,143,1,1,1,2,1,1,2,back
1,144,0,0,1,2,0,1,2,back
1,145,0,0,1,1,0,1,2,back
1,146,0,0,1,2,0,1,2,back
1,147,0,0,1,2,0,1,2,back
1,148,1,1,1,1,0,0,1,back
1,149,0,0,1,1,0,1,1,back
1,150,0,1,0,2,1,0,2,back
1,151,0,0,1,1,0,1,2,back
1,152,1,0,0,1,1,1,1,back
1,153,1,1,1,2,1,1,2,back
1,154,0,0,1,2,0,1,2,back
1,155,0,0,1,2,0,1,2,back
1,156,0,0,1,1,0,1,1,back
1,157,0,0,1,1,0,1,2,back
1,158,0,0,1,1,0,1,1,back
1,159,0,0,1,1,0,1,1,back
1,160,0,0,1,1,0,1,2,back
1,161,1,1,1,2,1,1,2,back
1,162,0,0,1,2,0,1,2,back
1,163,0,0,1,1,0,1,1,back
1,164,0,0,1,1,0,1,1,back
1,165,1,1,1,1,1,1,1,back
1,166,1,1,1,2,1,1,2,back
1,167,0,0,1,1,0,1,1,back
1,168,0,0,1,1,0,1,2,back
1,169,1,1,1,2,1,1,2,back
1,170,0,0,1,1,0,1,2,back
1,171,0,1,0,1,0,1,1,back
1,172,0,0,1,1,0,1,1,back
1,173,0,0,1,1,0,1,2,back
1,174,0,0,1,1,0,1,1,back
1,175,0,1,0,1,0,1,2,back
1,176,0,0,1,1,0,1,1,back
1,177,0,0,1,1,0,1,2,back
1,178,0,1,0,2,0,1,1,back
1,179,0,0,1,1,0,1,1,back
1,180,0,0,1,1,0,1,2,back
1,181,0,0,1,1,0,1,2,back
1,182,0,0,1,2,0,1,2,back
1,183,0,0,1,1,0,1,1,back
1,184,1,1,1,2,1,1,2,back
1,185,1,1,1,1,1,1,2,back
1,186,1,1,1,2,1,1,2,back
1,187,0,0,1,2,0,1,2,back
1,188,0,0,1,1,0,1,1,back
1,189,0,0,1,2,0,1,2,back
1,190,0,0,1,1,0,1,2,back
1,191,0,1,0,1,0,1,2,back
1,192,0,0,1,2,0,1,2,back
1,193,0,0,1,1,0,1,2,back
1,194,0,0,1,2,0,1,1,back
1,195,0,0,1,2,0,1,2,back
1,196,0,0,1,1,0,1,1,back
1,197,0,0,1,1,0,1,2,back
1,198,0,0,1,2,0,1,2,back
1,199,0,0,1,1,0,1,2,back
1,200,0,1,0,2,0,1,1,back
1,201,0,0,1,2,0,1,1,back
1,202,1,1,1,2,1,1,2,back
1,203,0,1,0,2,0,1,2,back
1,204,1,1,1,2,1,1,2,back
1,205,0,0,1,1,0,1,1,back
1,206,0,1,0,1,0,1,1,back
1,207,1,1,1,2,1,1,2,back
1,208,0,1,0,1,1,0,1,back
1,209,0,0,1,1,0,1,2,back
1,210,0,1,0,1,1,0,2,back
1,211,0,0,1,1,0,1,2,back
1,212,0,0,1,1,1,0,1,back
1,213,0,0,1,2,0,1,2,back
1,214,0,0,1,1,0,1,1,back
1,215,0,0,1,1,0,1,2,back
1,216,0,0,1,2,0,1,2,back
1,217,0,0,1,2,0,1,2,back
1,218,0,0,1,2,0,1,2,back
1,219,0,0,1,1,1,0,1,back
1,220,0,0,1,1,0,1,2,back
1,221,0,0,1,1,0,1,1,back
1,222,0,0,1,1,0,1,1,back
1,223,0,1,0,1,1,0,1,back
1,224,1,1,1,2,1,1,2,back
1,225,0,0,1,1,0,1,1,back
1,226,0,0,1,1,0,1,1,back
1,227,0,0,1,1,0,1,2,back
1,228,0,0,1,2,0,1,2,back
1,229,0,0,1,2,0,1,2,back
1,230,0,0,1,2,0,1,2,back
1,231,0,0,1,1,0,1,1,back
1,232,0,0,1,1,0,1,1,back
1,233,0,0,1,1,0,1,2,back
1,234,0,0,1,2,0,1,2,back
1,235,0,0,1,1,0,1,2,back
1,236,0,0,1,2,0,1,2,back
1,237,1,1,1,1,0,0,1,back
1,238,0,0,1,1,0,1,1,back
1,239,0,0,1,2,0,1,2,back
1,240,0,0,1,1,0,1,1,back
1,241,1,1,1,2,1,1,2,back
1,242,1,1,1,2,1,1,2,back
1,243,0,1,0,1,0,1,1,back
1,244,1,0,0,1,0,0,2,back
1,245,0,0,1,1,0,1,1,back
1,246,1,1,1,2,1,1,2,back
1,247,0,0,1,1,0,1,2,back
1,248,0,0,1,1,0,1,2,back
1,249,0,0,1,1,0,1,1,back
1,250,0,0,1,1,0,1,2,back
1,251,0,0,1,1,0,1,1,back
1,252,0,0,1,1,0,1,1,back
1,253,0,0,1,2,0,1,2,back
1,254,0,0,1,1,0,1,2,back
1,255,0,1,0,1,0,1,2,back
1,256,0,1,0,2,1,0,1,back
1,257,0,0,1,1,0,1,1,back
1,258,0,0,1,2,0,1,2,back
1,259,0,0,1,1,0,1,2,back
1,260,0,1,0,1,0,1,1,back
1,261,0,0,1,2,0,1,1,back
1,262,1,1,1,2,1,1,2,back
1,263,0,0,1,2,0,1,2,back
1,264,1,1,1,2,1,1,2,back
1,265,1,0,0,1,0,0,1,back
1,266,0,0,1,1,0,1,2,back
1,267,0,0,1,2,0,1,2,back
1,268,0,0,1,1,0,1,2,back
1,269,0,0,1,1,0,1,2,back
1,270,1,1,1,1,1,1,2,back
1,271,0,0,1,1,0,1,1,back
1,272,0,0,1,1,0,1,1,back
1,273,0,0,1,2,0,1,2,back
1,274,0,0,1,2,0,1,2,back
1,275,0,0,1,1,0,1,1,back
1,276,0,0,1,2,0,1,2,back
1,277,0,0,1,1,1,0,1,back
1,278,0,0,1,2,0,1,2,back
1,279,0,0,1,1,0,1,2,back
1,280,0,0,1,2,0,1,2,back
1,281,1,1,1,2,1,1,2,back
1,282,0,0,1,1,1,0,1,back
1,283,1,1,1,2,1,1,2,back
1,284,0,0,1,1,0,1,1,back
1,285,0,0,1,1,0,1,2,back
1,286,0,0,1,1,0,1,1,back
1,287,0,0,1,1,0,1,2,back
1,288,0,0,1,2,0,1,1,back
1,289,0,0,1,1,0,1,2,back
1,290,1,1,1,1,1,1,1,back
1,291,0,0,1,1,0,1,1,back
1,292,0,0,1,1,0,1,2,back
1,293,0,0,1,2,0,1,1,back
1,294,0,0,1,2,0,1,2,back
1,295,0,0,1,2,0,1,2,back
1,296,0,0,1,1,0,1,2,back
1,297,0,0,1,1,0,1,1,back
1,298,0,0,1,2,0,1,2,back
1,299,0,0,1,2,0,1,2,back
1,300,0,1,0,1,0,1,1,back
2,1,0,1,0,2,1,0,1,back
2,2,0,0,1,1,0,1,1,back
2,3,0,0,1,1,0,1,1,back
2,4,0,0,1,1,0,1,1,back
2,5,0,0,1,2,0,1,1,back
2,6,0,0,1,1,0,1,1,back
2,7,0,0,1,1,0,1,1,back
2,8,0,0,1,1,0,1,1,back
2,9,0,0,1,1,0,1,1,back
2,10,1,1,1,2,1,1,2,back
2,11,0,1,0,1,0,1,1,back
2,12,0,0,1,1,0,1,1,back
2,13,0,0,1,1,0,1,1,back
2,14,0,1,0,1,0,1,1,back
2,15,0,0,1,1,0,1,1,back
2,16,1,1,1,2,1,1,2,back
2,17,1,1,1,2,1,1,2,back
2,18,0,1,0,1,0,1,1,back
2,19,0,1,0,1,0,1,1,back
2,20,0,0,1,1,0,1,1,back
2,21,1,1,1,2,1,1,2,back
2,22,0,1,0,1,1,0,2,back
2,23,0,0,1,1,0,1,1,back
2,24,0,1,0,1,0,1,1,back
2,25,0,0,1,2,0,1,1,back
2,26,0,1,0,1,1,0,1,back
2,27,0,0,1,1,0,1,1,back
2,28,0,0,1,1,0,1,1,back
2,29,1,1,1,1,1,1,1,back
2,30,0,1,0,1,0,1,1,back
2,31,0,1,0,2,0,1,1,back
2,32,0,1,0,1,0,1,1,back
2,33,0,0,1,1,0,1,1,back
2,34,0,1,0,1,0,1,1,back
2,35,0,0,1,1,0,1,1,back
2,36,0,0,1,1,0,1,1,back
2,37,0,0,1,1,0,1,1,back
2,38,0,0,1,2,0,1,1,back
2,39,0,0,1,2,0,1,1,back
2,40,1,1,1,1,0,0,1,back
2,41,0,0,1,1,0,1,1,back
2,42,0,1,0,2,1,0,2,back
2,43,0,0,1,1,0,1,1,back
2,44,0,0,1,1,0,1,1,back
2,45,1,1,1,2,1,1,2,back
2,46,1,1,1,2,1,1,2,back
2,47,0,0,1,2,0,1,1,back
2,48,0,1,0,1,0,1,1,back
2,49,1,0,0,1,0,0,1,back
2,50,0,0,1,1,0,1,1,back
2,51,0,0,1,1,0,1,1,back
2,52,1,1,1,2,1,1,2,back
2,53,0,0,1,1,0,1,1,back
2,54,0,0,1,1,0,1,1,back
2,55,0,0,1,2,0,1,1,back
2,56,0,0,1,1,0,1,1,back
2,57,0,0,1,1,0,1,1,back
2,58,0,0,1,1,0,1,1,back
2,59,0,0,1,1,0,1,1,back
2,60,0,0,1,1,0,1,1,back
2,61,0,1,0,1,0,1,1,back
2,62,0,0,1,1,0,1,1,back
2,63,0,0,1,1,0,1,1,back
2,64,1,1,1,1,1,1,1,back
2,65,0,0,1,1,0,1,1,back
2,66,0,0,1,1,0,1,1,back
2,67,0,0,1,1,0,1,1,back
2,68,0,0,1,1,0,1,1,back
2,69,0,0,1,1,0,1,1,back
2,70,0,0,1,1,0,1,1,back
2,71,0,0,1,1,0,1,1,back
2,72,0,0,1,1,0,1,2,back
2,73,0,0,1,1,0,1,1,back
2,74,0,0,1,1,0,1,1,back
2,75,0,0,1,1,0,1,1,back
2,76,0,0,1,1,0,1,1,back
2,77,0,0,1,2,0,1,2,back
2,78,1,1,1,1,1,1,2,back
2,79,0,0,1,1,0,1,1,back
2,80,0,1,0,1,0,1,1,back
2,81,1,1,1,2,1,1,2,back
2,82,0,0,1,2,0,1,1,back
2,83,0,0,1,1,0,1,1,back
2,84,0,0,1,1,0,1,1,back
2,85,0,0,1,1,0,1,1,back
2,86,0,1,0,1,0,1,1,back
2,87,0,1,0,1,0,1,1,back
2,88,0,0,1,1,0,1,1,back
2,89,0,1,0,1,0,1,1,back
2,90,0,0,1,1,0,1,1,back
2,91,0,0,1,1,0,1,1,back
2,92,0,0,1,1,0,1,1,back
2,93,0,1,0,1,0,1,1,back
2,94,0,0,1,1,0,1,2,back
2,95,0,0,1,1,0,1,1,back
2,96,0,0,1,1,0,1,1,back
2,97,0,0,1,1,0,1,1,back
2,98,1,1,1,2,1,1,2,back
2,99,0,0,1,1,0,1,1,back
2,100,0,0,1,1,0,1,1,back
2,101,1,0,0,1,0,0,1,back
2,102,0,0,1,1,0,1,1,back
2,103,0,0,1,1,0,1,1,back
2,104,0,1,0,2,0,1,1,back
2,105,1,1,1,2,1,1,2,back
2,106,0,0,1,1,0,1,1,back
2,107,1,1,1,1,1,1,1,back
2,108,1,1,1,2,1,1,2,back
2,109,1,1,1,2,1,1,2,back
2,110,1,1,1,1,0,0,1,back
2,111,0,0,1,1,0,1,1,back
2,112,0,0,1,1,0,1,1,back
2,113,0,0,1,1,0,1,1,back
2,114,0,0,1,1,0,1,1,back
2,115,0,0,1,1,0,1,1,back
2,116,0,0,1,1,0,1,1,back
2,117,0,0,1,1,0,1,1,back
2,118,0,0,1,1,0,1,1,back
2,119,0,0,1,1,0,1,1,back
2,120,1,1,1,2,1,1,2,back
2,121,0,0,1,1,0,1,1,back
2,122,0,0,1,1,0,1,1,back
2,123,0,1,0,2,1,0,1,back
2,124,0,0,1,1,0,1,1,back
2,125,1,1,1,1,1,1,2,back
2,126,0,0,1,1,0,1,1,back
2,127,1,0,0,1,0,0,1,back
2,128,0,0,1,1,0,1,1,back
2,129,0,0,1,1,0,1,1,back
2,130,0,0,1,1,0,1,2,back
2,131,0,0,1,1,0,1,1,back
2,132,0,0,1,1,0,1,1,back
2,133,0,0,1,1,0,1,1,back
2,134,0,0,1,1,0,1,1,back
2,135,0,1,0,1,0,1,1,back
2,136,0,0,1,1,0,1,1,back
2,137,0,0,1,1,1,0,1,back
2,138,0,0,1,1,0,1,1,back
2,139,0,0,1,1,0,1,1,back
2,140,0,1,0,1,0,1,1,back
2,141,0,0,1,1,0,1,1,back
2,142,0,0,1,2,0,1,1,back
2,143,1,1,1,2,1,1,2,back
2,144,0,0,1,1,0,1,1,back
2,145,0,0,1,1,0,1,1,back
2,146,0,1,0,1,1,0,1,back
2,147,0,0,1,1,0,1,1,back
2,148,1,1,1,2,1,1,1,back
2,149,0,0,1,1,0,1,1,back
2,150,0,1,0,2,1,0,2,back
2,151,0,0,1,1,0,1,1,back
2,152,1,0,0,1,1,1,1,back
2,153,1,1,1,2,1,1,2,back
2,154,0,0,1,1,0,1,1,back
2,155,0,0,1,1,0,1,1,back
2,156,0,0,1,1,0,1,1,back
2,157,0,0,1,1,0,1,1,back
2,158,0,0,1,1,0,1,1,back
2,159,0,1,0,2,1,0,1,back
2,160,0,0,1,1,0,1,1,back
2,161,1,1,1,2,1,1,2,back
2,162,0,0,1,2,0,1,1,back
2,163,0,0,1,1,0,1,1,back
2,164,0,0,1,1,0,1,1,back
2,165,1,1,1,2,1,1,2,back
2,166,1,1,1,2,1,1,1,back
2,167,0,0,1,1,0,1,1,back
2,168,0,0,1,2,0,1,1,back
2,169,1,1,1,2,1,1,2,back
2,170,0,0,1,2,0,1,1,back
2,171,0,0,1,1,0,1,1,back
2,172,0,0,1,1,0,1,1,back
2,173,0,0,1,1,0,1,1,back
2,174,0,0,1,1,0,1,1,back
2,175,0,0,1,1,0,1,1,back
2,176,0,0,1,1,0,1,1,back
2,177,0,0,1,1,0,1,1,back
2,178,0,1,0,2,0,1,1,back
2,179,0,1,0,1,0,1,1,back
2,180,0,0,1,1,0,1,1,back
2,181,0,1,0,1,0,1,1,back
2,182,0,0,1,2,0,1,1,back
2,183,0,0,1,1,0,1,1,back
2,184,1,1,1,2,1,1,2,back
2,185,1,1,1,2,1,1,2,back
2,186,1,1,1,2,1,1,2,back
2,187,0,0,1,2,0,1,1,back
2,188,0,0,1,1,0,1,1,back
2,189,0,0,1,1,0,1,1,back
2,190,0,0,1,1,0,1,1,back
2,191,0,0,1,1,0,1,1,back
2,192,0,1,0,1,0,1,1,back
2,193,0,0,1,2,0,1,1,back
2,194,0,0,1,1,0,1,1,back
2,195,0,0,1,1,0,1,1,back
2,196,0,0,1,1,0,1,1,back
2,197,0,0,1,1,0,1,1,back
2,198,0,0,1,1,0,1,1,back
2,199,0,0,1,1,0,1,1,back
2,200,0,0,1,1,0,1,1,back
2,201,0,0,1,1,0,1,1,back
2,202,1,1,1,2,1,1,2,back
2,203,0,0,1,2,0,1,1,back
2,204,1,1,1,2,1,1,2,back
2,205,0,0,1,1,0,1,1,back
2,206,0,0,1,1,0,1,1,back
2,207,1,1,1,2,1,1,2,back
2,208,0,1,0,2,1,0,1,back
2,209,0,1,0,1,0,1,1,back
2,210,0,0,1,1,0,1,1,back
2,211,0,0,1,2,0,1,1,back
2,212,0,0,1,1,0,1,1,back
2,213,0,0,1,2,0,1,1,back
2,214,0,0,1,1,0,1,1,back
2,215,0,0,1,1,0,1,1,back
2,216,0,0,1,1,0,1,1,back
2,217,0,0,1,1,0,1,1,back
2,218,0,0,1,1,0,1,1,back
2,219,0,0,1,1,0,1,1,back
2,220,0,0,1,1,0,1,1,back
2,221,0,0,1,1,0,1,1,back
2,222,0,0,1,1,0,1,1,back
2,223,0,0,1,1,0,1,1,back
2,224,1,1,1,2,1,1,2,back
2,225,0,0,1,1,0,1,1,back
2,226,0,0,1,1,0,1,1,back
2,227,0,0,1,1,0,1,1,back
2,228,0,0,1,1,0,1,1,back
2,229,0,1,0,1,0,1,2,back
2,230,0,0,1,1,0,1,1,back
2,231,0,0,1,2,0,1,1,back
2,232,0,0,1,1,0,1,1,back
2,233,0,0,1,1,0,1,1,back
2,234,0,0,1,2,0,1,2,back
2,235,0,0,1,2,0,1,2,back
2,236,0,0,1,1,0,1,1,back
2,237,1,1,1,2,1,1,2,back
2,238,0,1,0,1,0,1,1,back
2,239,0,0,1,1,0,1,1,back
2,240,0,0,1,1,0,1,1,back
2,241,1,1,1,1,1,1,1,back
2,242,1,1,1,1,1,1,2,back
2,243,0,1,0,1,1,0,2,back
2,244,1,0,0,1,0,0,1,back
2,245,0,1,0,1,0,1,1,back
2,246,1,1,1,1,1,1,1,back
2,247,0,1,0,1,0,1,1,back
2,248,0,0,1,2,0,1,1,back
2,249,0,0,1,1,0,1,1,back
2,250,0,0,1,1,0,1,1,back
2,251,0,0,1,1,0,1,1,back
2,252,0,0,1,2,0,1,1,back
2,253,0,0,1,2,0,1,1,back
2,254,0,0,1,2,0,1,1,back
2,255,0,1,0,1,1,0,2,back
2,256,0,1,0,1,0,1,1,back
2,257,0,0,1,1,0,1,1,back
2,258,0,0,1,1,0,1,1,back
2,259,0,0,1,1,0,1,1,back
2,260,0,0,1,1,0,1,1,back
2,261,0,1,0,2,1,0,2,back
2,262,1,1,1,2,1,1,2,back
2,263,0,0,1,2,0,1,1,back
2,264,1,1,1,2,1,1,2,back
2,265,1,1,1,1,1,1,1,back
2,266,0,1,0,1,0,1,1,back
2,267,0,0,1,1,0,1,1,back
2,268,0,1,0,1,0,1,1,back
2,269,0,0,1,1,0,1,1,back
2,270,1,1,1,2,1,1,2,back
2,271,0,0,1,1,0,1,1,back
2,272,0,0,1,1,0,1,1,back
2,273,0,0,1,1,0,1,1,back
2,274,0,0,1,1,0,1,1,back
2,275,0,0,1,1,0,1,1,back
2,276,0,0,1,1,0,1,1,back
2,277,0,0,1,2,0,1,1,back
2,278,0,0,1,1,0,1,1,back
2,279,0,0,1,1,0,1,1,back
2,280,0,0,1,1,0,1,1,back
2,281,1,1,1,2,1,1,2,back
2,282,0,1,0,1,0,1,1,back
2,283,1,1,1,2,1,1,2,back
2,284,0,0,1,1,1,0,1,back
2,285,0,0,1,1,0,1,1,back
2,286,0,0,1,1,0,1,1,back
2,287,0,0,1,1,0,1,1,back
2,288,0,1,0,1,0,1,1,back
2,289,0,0,1,1,0,1,1,back
2,290,1,1,1,1,1,1,2,back
2,291,0,0,1,1,0,1,1,back
2,292,0,0,1,1,0,1,1,back
2,293,0,0,1,2,0,1,1,back
2,294,0,0,1,1,1,0,1,back
2,295,0,0,1,1,0,1,1,back
2,296,0,0,1,1,0,1,1,back
2,297,0,1,0,1,0,1,1,back
2,298,0,0,1,1,0,1,1,back
2,299,0,0,1,1,0,1,1,back
2,300,0,0,1,1,0,1,1,back
3,1,0,0,1,2,0,1,2,back
3,2,0,1,0,1,0,1,1,back
3,3,0,1,0,2,1,0,1,back
3,4,0,0,1,2,0,1,2,back
3,5,0,0,1,1,0,1,2,back
3,6,0,1,0,1,1,0,1,back
3,7,0,0,1,1,0,1,1,back
3,8,0,1,0,2,1,0,1,back
3,9,0,0,1,1,0,1,2,back
3,10,1,1,1,2,1,1,2,back
3,11,0,0,1,1,0,1,2,back
3,12,0,1,0,1,0,1,1,back
3,13,0,0,1,1,0,1,1,back
3,14,0,0,1,1,0,1,1,back
3,15,0,0,1,1,0,1,1,back
3,16,1,1,1,2,1,1,2,back
3,17,1,1,1,2,1,1,2,back
3,18,0,0,1,1,0,1,2,back
3,19,0,1,0,1,1,0,1,back
3,20,0,0,1,1,0,1,1,back
3,21,1,1,1,2,1,1,2,back
3,22,0,0,1,1,0,1,2,back
3,23,0,1,0,1,0,1,1,back
3,24,0,1,0,1,1,0,1,back
3,25,0,0,1,1,0,1,2,back
3,26,0,1,0,1,1,0,1,back
3,27,0,0,1,1,0,1,2,back
3,28,0,0,1,1,0,1,1,back
3,29,1,1,1,1,1,1,2,back
3,30,0,0,1,1,0,1,1,back
3,31,0,0,1,1,0,1,1,back
3,32,0,0,1,1,0,1,1,back
3,33,0,1,0,1,0,1,2,back
3,34,0,0,1,1,0,1,1,back
3,35,0,0,1,1,0,1,1,back
3,36,0,0,1,1,0,1,1,back
3,37,0,1,0,2,1,0,2,back
3,38,0,1,0,1,0,1,2,back
3,39,0,0,1,2,0,1,2,back
3,40,1,0,0,2,0,0,1,back
3,41,0,0,1,2,0,1,2,back
3,42,0,0,1,2,1,0,1,back
3,43,0,1,0,1,0,1,2,back
3,44,0,1,0,1,0,1,1,back
3,45,1,1,1,2,1,1,2,back
3,46,1,1,1,2,1,1,2,back
3,47,0,0,1,2,0,1,2,back
3,48,0,0,1,2,0,1,2,back
3,49,1,1,1,1,1,1,1,back
3,50,0,0,1,1,0,1,1,back
3,51,0,0,1,2,0,1,1,back
3,52,1,1,1,2,1,1,2,back
3,53,0,0,1,1,0,1,2,back
3,54,0,0,1,1,0,1,2,back
3,55,0,1,0,1,0,1,1,back
3,56,0,0,1,1,1,0,1,back
3,57,0,0,1,1,0,1,2,back
3,58,0,0,1,1,0,1,2,back
3,59,0,0,1,1,0,1,1,back
3,60,0,0,1,1,0,1,1,back
3,61,0,0,1,1,0,1,2,back
3,62,0,0,1,1,1,0,1,back
3,63,0,0,1,1,0,1,2,back
3,64,1,1,1,2,1,1,1,back
3,65,0,0,1,1,0,1,2,back
3,66,0,0,1,1,0,1,2,back
3,67,0,1,0,1,0,1,1,back
3,68,0,1,0,2,1,0,1,back
3,69,0,0,1,1,0,1,2,back
3,70,0,0,1,1,0,1,2,back
3,71,0,0,1,1,0,1,1,back
3,72,0,1,0,2,0,1,1,back
3,73,0,1,0,1,0,1,1,back
3,74,0,0,1,1,0,1,2,back
3,75,0,1,0,1,0,1,1,back
3,76,0,1,0,1,0,1,1,back
3,77,0,1,0,1,0,1,2,back
3,78,1,1,1,2,1,1,2,back
3,79,0,1,0,1,0,1,2,back
3,80,0,0,1,1,0,1,2,back
3,81,1,1,1,2,1,1,1,back
3,82,0,0,1,1,0,1,1,back
3,83,0,0,1,1,0,1,1,back
3,84,0,1,0,1,0,1,1,back
3,85,0,0,1,1,0,1,2,back
3,86,0,1,0,1,0,1,2,back
3,87,0,1,0,1,0,1,1,back
3,88,0,1,0,1,0,1,2,back
3,89,0,1,0,2,1,0,1,back
3,90,0,0,1,1,0,1,2,back
3,91,0,1,0,1,0,1,1,back
3,92,0,0,1,1,0,1,2,back
3,93,0,1,0,1,0,1,1,back
3,94,0,0,1,1,0,1,1,back
3,95,0,1,0,1,0,1,2,back
3,96,0,1,0,1,0,1,1,back
3,97,0,0,1,1,1,0,1,back
3,98,1,1,1,2,1,1,2,back
3,99,0,0,1,1,0,1,2,back
3,100,0,1,0,1,1,0,2,back
3,101,1,1,1,1,1,1,1,back
3,102,0,0,1,1,0,1,2,back
3,103,0,0,1,1,0,1,1,back
3,104,0,1,0,1,0,1,2,back
3,105,1,1,1,2,1,1,2,back
3,106,0,0,1,1,0,1,2,back
3,107,1,1,1,2,1,1,1,back
3,108,1,1,1,2,1,1,2,back
3,109,1,1,1,1,1,1,1,back
3,110,1,1,1,1,0,0,2,back
3,111,0,1,0,1,0,1,2,back
3,112,0,1,0,1,1,0,2,back
3,113,0,1,0,1,1,0,1,back
3,114,0,0,1,1,0,1,1,back
3,115,0,0,1,1,0,1,1,back
3,116,0,0,1,1,0,1,2,back
3,117,0,0,1,1,0,1,1,back
3,118,0,0,1,1,0,1,1,back
3,119,0,0,1,1,0,1,1,back
3,120,1,1,1,2,1,1,2,back
3,121,0,1,0,1,0,1,2,back
3,122,0,1,0,1,1,0,1,back
3,123,0,1,0,2,1,0,2,back
3,124,0,0,1,1,1,0,1,back
3,125,1,1,1,2,1,1,1,back
3,126,0,0,1,1,1,0,1,back
3,127,1,0,0,1,1,1,1,back
3,128,0,1,0,1,1,0,2,back
3,129,0,1,0,2,0,1,2,back
3,130,0,0,1,1,0,1,1,back
3,131,0,0,1,1,0,1,2,back
3,132,0,0,1,1,0,1,2,back
3,133,0,0,1,1,0,1,2,back
3,134,0,1,0,1,0,1,2,back
3,135,0,1,0,1,0,1,2,back
3,136,0,0,1,1,0,1,2,back
3,137,0,1,0,1,1,0,1,back
3,138,0,0,1,1,0,1,1,back
3,139,0,0,1,1,0,1,1,back
3,140,0,0,1,1,0,1,1,back
3,141,0,1,0,1,1,0,1,back
3,142,0,1,0,1,1,0,2,back
3,143,1,1,1,2,1,1,2,back
3,144,0,0,1,1,0,1,2,back
3,145,0,0,1,1,0,1,2,back
3,146,0,0,1,1,0,1,2,back
3,147,0,0,1,1,0,1,2,back
3,148,1,1,1,1,1,1,2,back
3,149,0,0,1,1,0,1,1,back
3,150,0,1,0,1,1,0,1,back
3,151,0,0,1,1,0,1,2,back
3,152,1,0,0,1,1,1,1,back
3,153,1,1,1,2,1,1,2,back
3,154,0,1,0,2,1,0,2,back
3,155,0,0,1,1,0,1,1,back
3,156,0,0,1,1,1,0,1,back
3,157,0,0,1,1,0,1,1,back
3,158,0,0,1,1,0,1,1,back
3,159,0,0,1,1,1,0,2,back
3,160,0,0,1,1,0,1,2,back
3,161,1,1,1,2,1,1,2,back
3,162,0,0,1,1,0,1,1,back
3,163,0,0,1,1,1,0,2,back
3,164,0,0,1,1,0,1,1,back
3,165,1,1,1,2,1,1,2,back
3,166,1,1,1,2,0,0,1,back
3,167,0,1,0,2,1,0,1,back
3,168,0,0,1,1,0,1,2,back
3,169,1,1,1,2,1,1,2,back
3,170,0,0,1,1,0,1,2,back
3,171,0,0,1,1,1,0,2,back
3,172,0,1,0,1,1,0,1,back
3,173,0,0,1,1,0,1,2,back
3,174,0,0,1,1,0,1,2,back
3,175,0,1,0,1,0,1,1,back
3,176,0,1,0,1,0,1,2,back
3,177,0,0,1,1,0,1,2,back
3,178,0,1,0,1,1,0,2,back
3,179,0,1,0,1,0,1,1,back
3,180,0,0,1,1,1,0,1,back
3,181,0,0,1,1,0,1,1,back
3,182,0,0,1,1,0,1,1,back
3,183,0,1,0,1,0,1,1,back
3,184,1,1,1,2,1,1,2,back
3,185,1,1,1,2,1,1,2,back
3,186,1,1,1,2,1,1,2,back
3,187,0,0,1,1,0,1,1,back
3,188,0,0,1,1,0,1,1,back
3,189,0,0,1,1,0,1,1,back
3,190,0,0,1,1,0,1,2,back
3,191,0,0,1,1,0,1,2,back
3,192,0,1,0,1,0,1,2,back
3,193,0,0,1,1,0,1,2,back
3,194,0,1,0,1,0,1,1,back
3,195,0,0,1,1,0,1,1,back
3,196,0,0,1,1,0,1,2,back
3,197,0,0,1,1,1,0,2,back
3,198,0,0,1,1,0,1,2,back
3,199,0,1,0,1,1,0,1,back
3,200,0,0,1,1,0,1,2,back
3,201,0,0,1,1,0,1,1,back
3,202,1,1,1,2,1,1,2,back
3,203,0,0,1,1,0,1,2,back
3,204,1,1,1,2,1,1,2,back
3,205,0,0,1,1,0,1,2,back
3,206,0,1,0,1,0,1,1,back
3,207,1,1,1,2,1,1,2,back
3,208,0,1,0,2,0,1,1,back
3,209,0,0,1,1,1,0,1,back
3,210,0,1,0,1,0,1,1,back
3,211,0,0,1,1,0,1,2,back
3,212,0,1,0,1,1,0,1,back
3,213,0,0,1,1,0,1,2,back
3,214,0,0,1,1,0,1,1,back
3,215,0,1,0,1,0,1,2,back
3,216,0,0,1,1,1,0,2,back
3,217,0,0,1,1,0,1,2,back
3,218,0,0,1,1,0,1,2,back
3,219,0,1,0,1,0,1,2,back
3,220,0,1,0,1,1,0,1,back
3,221,0,0,1,1,0,1,2,back
3,222,0,0,1,1,1,0,1,back
3,223,0,0,1,1,0,1,1,back
3,224,1,1,1,2,1,1,2,back
3,225,0,0,1,1,0,1,1,back
3,226,0,1,0,1,0,1,1,back
3,227,0,0,1,1,0,1,2,back
3,228,0,0,1,1,0,1,1,back
3,229,0,1,0,1,1,0,1,back
3,230,0,0,1,1,0,1,1,back
3,231,0,0,1,1,0,1,1,back
3,232,0,0,1,1,0,1,1,back
3,233,0,0,1,1,0,1,2,back
3,234,0,0,1,1,0,1,2,back
3,235,0,1,0,1,0,1,2,back
3,236,0,0,1,1,0,1,2,back
3,237,1,1,1,1,1,1,2,back
3,238,0,1,0,1,0,1,2,back
3,239,0,0,1,1,0,1,2,back
3,240,0,1,0,1,0,1,1,back
3,241,1,1,1,1,1,1,1,back
3,242,1,1,1,2,1,1,2,back
3,243,0,1,0,1,1,0,1,back
3,244,1,1,1,1,1,1,2,back
3,245,0,1,0,1,0,1,2,back
3,246,1,1,1,2,1,1,2,back
3,247,0,1,0,1,0,1,1,back
3,248,0,0,1,1,0,1,1,back
3,249,0,1,0,1,0,1,1,back
3,250,0,1,0,1,0,1,1,back
3,251,0,0,1,1,1,0,1,back
3,252,0,1,0,1,0,1,1,back
3,253,0,0,1,1,0,1,1,back
3,254,0,0,1,1,0,1,2,back
3,255,0,1,0,1,0,1,1,back
3,256,0,1,0,1,1,0,1,back
3,257,0,1,0,1,0,1,2,back
3,258,0,1,0,1,0,1,2,back
3,259,0,0,1,1,0,1,2,back
3,260,0,0,1,1,0,1,1,back
3,261,0,0,1,1,0,1,1,back
3,262,1,1,1,2,1,1,2,back
3,263,0,1,0,1,0,1,1,back
3,264,1,1,1,2,1,1,2,back
3,265,1,1,1,1,1,1,2,back
3,266,0,1,0,1,0,1,1,back
3,267,0,0,1,1,0,1,1,back
3,268,0,0,1,1,0,1,1,back
3,269,0,0,1,1,0,1,1,back
3,270,1,1,1,2,1,1,2,back
3,271,0,1,0,2,0,1,1,back
3,272,0,0,1,1,0,1,1,back
3,273,0,1,0,1,0,1,2,back
3,274,0,0,1,1,0,1,2,back
3,275,0,1,0,1,1,0,1,back
3,276,0,0,1,1,0,1,1,back
3,277,0,0,1,1,0,1,1,back
3,278,0,0,1,1,1,0,1,back
3,279,0,0,1,1,0,1,2,back
3,280,0,0,1,1,0,1,2,back
3,281,1,1,1,2,1,1,2,back
3,282,0,1,0,1,0,1,2,back
3,283,1,1,1,2,1,1,2,back
3,284,0,1,0,1,1,0,2,back
3,285,0,0,1,1,0,1,1,back
3,286,0,1,0,1,1,0,1,back
3,287,0,0,1,1,0,1,2,back
3,288,0,0,1,2,0,1,2,back
3,289,0,0,1,1,0,1,2,back
3,290,1,1,1,2,1,1,2,back
3,291,0,0,1,1,1,0,2,back
3,292,0,0,1,1,0,1,1,back
3,293,0,0,1,1,0,1,2,back
3,294,0,1,0,1,0,1,2,back
3,295,0,0,1,1,0,1,2,back
3,296,0,0,1,1,0,1,2,back
3,297,0,1,0,1,1,0,2,back
3,298,0,0,1,1,0,1,2,back
3,299,0,0,1,1,0,1,2,back
3,300,0,0,1,1,0,1,2,back
4,1,0,0,1,2,0,1,2,back
4,2,0,0,1,2,1,0,1,back
4,3,0,1,0,2,0,1,1,back
4,4,0,0,1,2,0,1,2,back
4,5,0,0,1,1,0,1,2,back
4,6,0,0,1,2,0,1,2,back
4,7,0,0,1,2,0,1,2,back
4,8,0,0,1,2,0,1,2,back
4,9,0,0,1,2,0,1,2,back
4,10,1,1,1,2,1,1,2,back
4,11,0,1,0,1,0,1,2,back
4,12,0,0,1,2,0,1,2,back
4,13,0,0,1,2,0,1,2,back
4,14,0,0,1,2,0,1,2,back
4,15,0,0,1,2,0,1,2,back
4,16,1,1,1,2,0,0,1,back
4,17,1,1,1,2,1,1,2,back
4,18,0,0,1,1,0,1,2,back
4,19,0,0,1,2,0,1,2,back
4,20,0,0,1,2,0,1,2,back
4,21,1,1,1,2,1,1,2,back
4,22,0,0,1,2,0,1,2,back
4,23,0,0,1,2,0,1,2,back
4,24,0,0,1,2,0,1,2,back
4,25,0,0,1,2,0,1,2,back
4,26,0,1,0,1,0,1,2,back
4,27,0,0,1,2,0,1,2,back
4,28,0,0,1,2,0,1,2,back
4,29,1,1,1,2,1,1,2,back
4,30,0,0,1,1,0,1,2,back
4,31,0,0,1,1,0,1,1,back
4,32,0,1,0,2,0,1,2,back
4,33,0,1,0,1,0,1,2,back
4,34,0,0,1,2,0,1,2,back
4,35,0,1,0,2,0,1,2,back
4,36,0,0,1,2,0,1,2,back
4,37,0,1,0,1,1,0,1,back
4,38,0,1,0,2,1,0,2,back
4,39,0,0,1,2,0,1,2,back
4,40,1,1,1,1,0,0,1,back
4,41,0,0,1,2,0,1,2,back
4,42,0,0,1,2,0,1,2,back
4,43,0,0,1,2,0,1,2,back
4,44,0,0,1,2,1,0,1,back
4,45,1,1,1,2,1,1,2,back
4,46,1,1,1,2,1,1,2,back
4,47,0,0,1,2,0,1,2,back
4,48,0,0,1,2,0,1,2,back
4,49,1,0,0,2,0,0,2,back
4,50,0,0,1,2,0,1,1,back
4,51,0,1,0,1,0,1,2,back
4,52,1,1,1,2,1,1,2,back
4,53,0,0,1,2,0,1,2,back
4,54,0,0,1,2,0,1,2,back
4,55,0,1,0,1,1,0,1,back
4,56,0,0,1,1,1,0,1,back
4,57,0,0,1,2,0,1,2,back
4,58,0,0,1,2,0,1,2,back
4,59,0,0,1,2,0,1,2,back
4,60,0,0,1,2,0,1,2,back
4,61,0,0,1,2,0,1,2,back
4,62,0,0,1,2,0,1,2,back
4,63,0,0,1,2,0,1,1,back
4,64,1,0,0,2,1,1,1,back
4,65,0,0,1,2,0,1,2,back
4,66,0,0,1,2,0,1,2,back
4,67,0,0,1,2,0,1,2,back
4,68,0,0,1,2,0,1,1,back
4,69,0,0,1,2,0,1,2,back
4,70,0,0,1,2,0,1,2,back
4,71,0,0,1,2,0,1,2,back
4,72,0,1,0,1,0,1,2,back
4,73,0,0,1,2,0,1,2,back
4,74,0,0,1,2,0,1,2,back
4,75,0,0,1,2,1,0,1,back
4,76,0,1,0,1,0,1,2,back
4,77,0,0,1,2,0,1,2,back
4,78,1,1,1,2,1,1,2,back
4,79,0,0,1,2,0,1,2,back
4,80,0,1,0,1,0,1,2,back
4,81,1,1,1,1,0,0,2,back
4,82,0,0,1,2,0,1,2,back
4,83,0,0,1,2,0,1,2,back
4,84,0,0,1,2,0,1,1,back
4,85,0,0,1,2,0,1,2,back
4,86,0,0,1,2,0,1,2,back
4,87,0,0,1,2,0,1,2,back
4,88,0,0,1,2,0,1,2,back
4,89,0,0,1,2,0,1,2,back
4,90,0,0,1,2,0,1,2,back
4,91,0,0,1,2,0,1,2,back
4,92,0,0,1,2,0,1,2,back
4,93,0,0,1,2,0,1,2,back
4,94,0,0,1,2,0,1,2,back
4,95,0,0,1,2,0,1,2,back
4,96,0,0,1,2,0,1,1,back
4,97,0,0,1,2,0,1,2,back
4,98,1,1,1,2,1,1,2,back
4,99,0,0,1,2,0,1,2,back
4,100,0,0,1,2,0,1,2,back
4,101,1,1,1,1,0,0,1,back
4,102,0,0,1,2,0,1,2,back
4,103,0,0,1,2,0,1,2,back
4,104,0,0,1,2,0,1,2,back
4,105,1,1,1,2,1,1,2,back
4,106,0,0,1,2,0,1,2,back
4,107,1,1,1,1,1,1,1,back
4,108,1,1,1,2,1,1,2,back
4,109,1,1,1,1,1,1,1,back
4,110,1,0,0,2,1,1,1,back
4,111,0,0,1,2,0,1,2,back
4,112,0,0,1,2,0,1,2,back
4,113,0,0,1,2,0,1,2,back
4,114,0,0,1,2,0,1,2,back
4,115,0,0,1,2,0,1,2,back
4,116,0,0,1,2,0,1,2,back
4,117,0,0,1,1,0,1,2,back
4,118,0,0,1,2,0,1,2,back
4,119,0,0,1,2,0,1,2,back
4,120,1,1,1,1,1,1,2,back
4,121,0,0,1,2,0,1,2,back
4,122,0,0,1,2,0,1,1,back
4,123,0,0,1,2,0,1,1,back
4,124,0,0,1,2,0,1,2,back
4,125,1,1,1,2,1,1,2,back
4,126,0,0,1,2,0,1,2,back
4,127,1,1,1,2,1,1,1,back
4,128,0,0,1,2,0,1,2,back
4,129,0,0,1,2,0,1,2,back
4,130,0,0,1,2,0,1,2,back
4,131,0,1,0,1,0,1,2,back
4,132,0,0,1,2,0,1,2,back
4,133,0,0,1,2,0,1,2,back
4,134,0,0,1,2,0,1,2,back
4,135,0,0,1,2,0,1,2,back
4,136,0,0,1,2,0,1,2,back
4,137,0,0,1,2,0,1,2,back
4,138,0,0,1,2,0,1,1,back
4,139,0,0,1,2,0,1,2,back
4,140,0,0,1,2,0,1,2,back
4,141,0,1,0,1,0,1,1,back
4,142,0,0,1,2,0,1,2,back
4,143,1,1,1,2,1,1,2,back
4,144,0,0,1,2,0,1,2,back
4,145,0,0,1,2,0,1,2,back
4,146,0,0,1,2,1,0,1,back
4,147,0,0,1,2,0,1,1,back
4,148,1,1,1,2,1,1,1,back
4,149,0,0,1,2,0,1,2,back
4,150,0,1,0,1,1,0,2,back
4,151,0,0,1,2,0,1,2,back
4,152,1,1,1,2,1,1,1,back
4,153,1,1,1,2,1,1,1,back
4,154,0,0,1,2,0,1,2,back
4,155,0,0,1,2,0,1,2,back
4,156,0,0,1,2,0,1,2,back
4,157,0,1,0,1,0,1,2,back
4,158,0,1,0,1,0,1,2,back
4,159,0,1,0,2,1,0,1,back
4,160,0,0,1,2,0,1,2,back
4,161,1,1,1,2,1,1,2,back
4,162,0,0,1,2,0,1,2,back
4,163,0,0,1,1,0,1,2,back
4,164,0,0,1,2,0,1,2,back
4,165,1,1,1,2,1,1,2,back
4,166,1,1,1,2,1,1,2,back
4,167,0,1,0,1,0,1,2,back
4,168,0,0,1,2,0,1,2,back
4,169,1,1,1,2,1,1,2,back
4,170,0,0,1,2,0,1,2,back
4,171,0,0,1,2,0,1,2,back
4,172,0,0,1,2,0,1,2,back
4,173,0,0,1,2,0,1,2,back
4,174,0,0,1,2,0,1,2,back
4,175,0,0,1,2,0,1,2,back
4,176,0,1,0,1,1,0,1,back
4,177,0,0,1,2,1,0,1,back
4,178,0,0,1,2,0,1,1,back
4,179,0,1,0,2,0,1,2,back
4,180,0,0,1,2,0,1,2,back
4,181,0,0,1,2,0,1,2,back
4,182,0,0,1,2,0,1,2,back
4,183,0,0,1,2,0,1,2,back
4,184,1,1,1,2,1,1,2,back
4,185,1,1,1,2,1,1,2,back
4,186,1,1,1,2,1,1,2,back
4,187,0,0,1,2,0,1,2,back
4,188,0,0,1,2,0,1,2,back
4,189,0,0,1,2,0,1,2,back
4,190,0,0,1,2,0,1,2,back
4,191,0,0,1,2,0,1,1,back
4,192,0,1,0,1,0,1,2,back
4,193,0,0,1,2,0,1,2,back
4,194,0,0,1,2,0,1,2,back
4,195,0,0,1,2,0,1,2,back
4,196,0,0,1,2,0,1,1,back
4,197,0,0,1,2,0,1,2,back
4,198,0,0,1,2,0,1,2,back
4,199,0,0,1,2,0,1,2,back
4,200,0,0,1,2,0,1,2,back
4,201,0,0,1,2,0,1,2,back
4,202,1,1,1,2,1,1,2,back
4,203,0,0,1,2,0,1,2,back
4,204,1,1,1,2,1,1,2,back
4,205,0,0,1,1,0,1,1,back
4,206,0,0,1,2,0,1,2,back
4,207,1,1,1,2,1,1,2,back
4,208,0,0,1,2,0,1,2,back
4,209,0,0,1,2,0,1,2,back
4,210,0,0,1,2,0,1,2,back
4,211,0,0,1,2,0,1,2,back
4,212,0,0,1,2,0,1,2,back
4,213,0,0,1,2,0,1,2,back
4,214,0,0,1,2,0,1,2,back
4,215,0,0,1,2,1,0,1,back
4,216,0,0,1,2,0,1,2,back
4,217,0,0,1,2,0,1,2,back
4,218,0,0,1,2,0,1,2,back
4,219,0,0,1,2,0,1,2,back
4,220,0,0,1,2,1,0,1,back
4,221,0,0,1,2,0,1,2,back
4,222,0,0,1,2,0,1,2,back
4,223,0,0,1,2,0,1,2,back
4,224,1,1,1,2,1,1,2,back
4,225,0,0,1,2,0,1,2,back
4,226,0,0,1,2,0,1,2,back
4,227,0,0,1,2,0,1,2,back
4,228,0,0,1,2,0,1,2,back
4,229,0,1,0,1,1,0,1,back
4,230,0,0,1,2,0,1,2,back
4,231,0,0,1,2,0,1,2,back
4,232,0,0,1,2,0,1,2,back
4,233,0,0,1,2,0,1,2,back
4,234,0,0,1,2,0,1,2,back
4,235,0,0,1,2,0,1,2,back
4,236,0,0,1,2,0,1,2,back
4,237,1,1,1,1,1,1,1,back
4,238,0,0,1,2,0,1,2,back
4,239,0,0,1,2,0,1,2,back
4,240,0,0,1,2,0,1,2,back
4,241,1,1,1,1,1,1,1,back
4,242,1,1,1,1,1,1,1,back
4,243,0,0,1,2,0,1,1,back
4,244,1,0,0,2,0,0,2,back
4,245,0,0,1,2,0,1,2,back
4,246,1,0,0,2,1,1,2,back
4,247,0,0,1,2,0,1,2,back
4,248,0,0,1,2,0,1,2,back
4,249,0,0,1,2,0,1,2,back
4,250,0,0,1,2,0,1,2,back
4,251,0,0,1,2,0,1,2,back
4,252,0,0,1,2,0,1,2,back
4,253,0,0,1,2,0,1,2,back
4,254,0,0,1,2,0,1,2,back
4,255,0,0,1,2,0,1,2,back
4,256,0,1,0,2,0,1,2,back
4,257,0,0,1,2,0,1,2,back
4,258,0,0,1,2,0,1,2,back
4,259,0,0,1,2,0,1,2,back
4,260,0,0,1,2,0,1,2,back
4,261,0,0,1,2,0,1,2,back
4,262,1,1,1,2,1,1,2,back
4,263,0,0,1,2,0,1,2,back
4,264,1,1,1,2,1,1,2,back
4,265,1,0,0,2,0,0,2,back
4,266,0,0,1,2,0,1,2,back
4,267,0,0,1,2,0,1,2,back
4,268,0,0,1,2,1,0,1,back
4,269,0,0,1,2,0,1,2,back
4,270,1,1,1,2,1,1,2,back
4,271,0,0,1,2,0,1,2,back
4,272,0,0,1,2,0,1,2,back
4,273,0,0,1,2,0,1,2,back
4,274,0,0,1,2,0,1,2,back
4,275,0,0,1,2,0,1,2,back
4,276,0,0,1,2,0,1,2,back
4,277,0,0,1,2,0,1,2,back
4,278,0,0,1,2,0,1,2,back
4,279,0,0,1,2,0,1,2,back
4,280,0,1,0,1,0,1,2,back
4,281,1,1,1,2,1,1,2,back
4,282,0,0,1,2,1,0,1,back
4,283,1,1,1,2,1,1,2,back
4,284,0,0,1,2,0,1,2,back
4,285,0,0,1,2,0,1,2,back
4,286,0,0,1,2,0,1,2,back
4,287,0,0,1,2,0,1,2,back
4,288,0,0,1,2,0,1,2,back
4,289,0,0,1,2,0,1,1,back
4,290,1,1,1,2,1,1,2,back
4,291,0,1,0,1,0,1,2,back
4,292,0,0,1,2,0,1,2,back
4,293,0,0,1,2,0,1,2,back
4,294,0,0,1,2,0,1,2,back
4,295,0,0,1,2,0,1,2,back
4,296,0,0,1,2,0,1,2,back
4,297,0,0,1,2,1,0,1,back
4,298,0,0,1,2,0,1,2,back
4,299,0,0,1,2,0,1,2,back
4,300,0,0,1,2,0,1,2,back
5,1,0,0,1,2,0,1,1,back
5,2,0,1,0,1,0,1,2,back
5,3,0,1,0,2,1,0,2,back
5,4,0,0,1,1,0,1,2,back
5,5,0,0,1,1,0,1,2,back
5,6,0,0,1,2,0,1,2,back
5,7,0,0,1,2,0,1,2,back
5,8,0,1,0,1,0,1,1,back
5,9,0,0,1,1,0,1,2,back
5,10,1,1,1,1,1,1,2,back
5,11,0,0,1,2,0,1,1,back
5,12,0,0,1,2,0,1,2,back
5,13,0,0,1,2,0,1,2,back
5,14,0,0,1,1,0,1,1,back
5,15,0,0,1,1,0,1,2,back
5,16,1,1,1,2,1,1,2,back
5,17,1,1,1,2,1,1,2,back
5,18,0,0,1,2,0,1,1,back
5,19,0,0,1,2,1,0,1,back
5,20,0,0,1,2,0,1,2,back
5,21,1,1,1,2,1,1,2,back
5,22,0,1,0,2,0,1,1,back
5,23,0,0,1,1,0,1,2,back
5,24,0,0,1,1,0,1,1,back
5,25,0,0,1,2,0,1,2,back
5,26,0,0,1,2,0,1,2,back
5,27,0,0,1,2,0,1,2,back
5,28,0,0,1,2,0,1,2,back
5,29,1,0,0,2,1,1,2,back
5,30,0,1,0,1,0,1,1,back
5,31,0,0,1,2,0,1,2,back
5,32,0,0,1,2,0,1,2,back
5,33,0,0,1,2,0,1,1,back
5,34,0,0,1,2,0,1,2,back
5,35,0,0,1,1,1,0,1,back
5,36,0,0,1,2,0,1,2,back
5,37,0,0,1,2,0,1,1,back
5,38,0,0,1,1,0,1,2,back
5,39,0,1,0,2,0,1,2,back
5,40,1,0,0,2,1,1,1,back
5,41,0,0,1,1,0,1,2,back
5,42,0,0,1,2,1,0,1,back
5,43,0,0,1,2,0,1,2,back
5,44,0,0,1,1,0,1,2,back
5,45,1,1,1,2,1,1,2,back
5,46,1,1,1,2,1,1,2,back
5,47,0,0,1,2,0,1,2,back
5,48,0,0,1,2,0,1,2,back
5,49,1,0,0,2,1,1,1,back
5,50,0,0,1,2,0,1,1,back
5,51,0,0,1,2,0,1,2,back
5,52,1,1,1,2,1,1,2,back
5,53,0,1,0,1,0,1,2,back
5,54,0,0,1,2,0,1,2,back
5,55,0,1,0,1,0,1,2,back
5,56,0,0,1,2,0,1,1,back
5,57,0,0,1,2,0,1,2,back
5,58,0,0,1,2,0,1,2,back
5,59,0,0,1,1,0,1,1,back
5,60,0,0,1,1,1,0,1,back
5,61,0,0,1,1,0,1,1,back
5,62,0,0,1,2,0,1,2,back
5,63,0,0,1,2,1,0,1,back
5,64,1,1,1,1,1,1,2,back
5,65,0,0,1,1,0,1,2,back
5,66,0,0,1,1,0,1,1,back
5,67,0,1,0,2,0,1,2,back
5,68,0,0,1,1,1,0,1,back
5,69,0,0,1,2,0,1,2,back
5,70,0,0,1,2,0,1,2,back
5,71,0,0,1,1,1,0,1,back
5,72,0,0,1,2,0,1,2,back
5,73,0,0,1,1,0,1,1,back
5,74,0,0,1,2,0,1,2,back
5,75,0,1,0,1,1,0,2,back
5,76,0,0,1,2,1,0,1,back
5,77,0,0,1,2,0,1,2,back
5,78,1,1,1,2,0,0,1,back
5,79,0,0,1,2,0,1,2,back
5,80,0,1,0,1,0,1,2,back
5,81,1,1,1,2,1,1,2,back
5,82,0,1,0,1,0,1,1,back
5,83,0,0,1,2,0,1,2,back
5,84,0,0,1,2,1,0,1,back
5,85,0,0,1,2,0,1,2,back
5,86,0,0,1,2,0,1,2,back
5,87,0,0,1,2,0,1,2,back
5,88,0,0,1,2,0,1,2,back
5,89,0,1,0,2,1,0,2,back
5,90,0,0,1,2,0,1,2,back
5,91,0,0,1,2,1,0,1,back
5,92,0,0,1,2,0,1,2,back
5,93,0,1,0,1,1,0,1,back
5,94,0,0,1,2,0,1,1,back
5,95,0,0,1,2,0,1,2,back
5,96,0,1,0,1,1,0,1,back
5,97,0,0,1,2,0,1,1,back
5,98,1,1,1,2,1,1,2,back
5,99,0,0,1,2,0,1,2,back
5,100,0,1,0,1,0,1,2,back
5,101,1,1,1,1,1,1,1,back
5,102,0,0,1,1,0,1,2,back
5,103,0,0,1,1,0,1,1,back
5,104,0,0,1,2,0,1,1,back
5,105,1,1,1,2,1,1,2,back
5,106,0,0,1,2,0,1,2,back
5,107,1,0,0,1,1,1,1,back
5,108,1,1,1,2,1,1,2,back
5,109,1,1,1,2,1,1,2,back
5,110,1,1,1,1,0,0,1,back
5,111,0,1,0,2,0,1,2,back
5,112,0,1,0,1,0,1,1,back
5,113,0,0,1,1,0,1,1,back
5,114,0,0,1,2,0,1,2,back
5,115,0,0,1,2,0,1,2,back
5,116,0,0,1,2,0,1,2,back
5,117,0,0,1,2,0,1,1,back
5,118,0,1,0,1,0,1,1,back
5,119,0,0,1,2,0,1,1,back
5,120,1,1,1,2,1,1,1,back
5,121,0,0,1,2,0,1,2,back
5,122,0,0,1,2,0,1,1,back
5,123,0,0,1,2,0,1,2,back
5,124,0,0,1,2,0,1,2,back
5,125,1,1,1,2,1,1,2,back
5,126,0,0,1,2,0,1,2,back
5,127,1,0,0,2,0,0,1,back
5,128,0,0,1,2,0,1,1,back
5,129,0,0,1,2,0,1,2,back
5,130,0,0,1,2,0,1,2,back
5,131,0,0,1,2,0,1,2,back
5,132,0,1,0,1,0,1,2,back
5,133,0,0,1,2,0,1,2,back
5,134,0,0,1,2,0,1,2,back
5,135,0,0,1,1,0,1,1,back
5,136,0,0,1,2,0,1,2,back
5,137,0,0,1,2,0,1,1,back
5,138,0,1,0,2,0,1,1,back
5,139,0,0,1,2,0,1,2,back
5,140,0,1,0,1,1,0,1,back
5,141,0,1,0,1,0,1,1,back
5,142,0,0,1,2,0,1,2,back
5,143,1,1,1,2,1,1,2,back
5,144,0,0,1,2,0,1,2,back
5,145,0,0,1,2,0,1,2,back
5,146,0,0,1,2,0,1,2,back
5,147,0,1,0,2,1,0,1,back
5,148,1,1,1,1,1,1,2,back
5,149,0,0,1,2,0,1,2,back
5,150,0,1,0,2,1,0,2,back
5,151,0,0,1,2,0,1,2,back
5,152,1,0,0,1,1,1,1,back
5,153,1,1,1,2,0,0,2,back
5,154,0,0,1,2,0,1,2,back
5,155,0,0,1,2,0,1,2,back
5,156,0,0,1,1,0,1,2,back
5,157,0,0,1,2,0,1,2,back
5,158,0,0,1,2,0,1,2,back
5,159,0,1,0,2,1,0,2,back
5,160,0,1,0,1,0,1,2,back
5,161,1,1,1,2,1,1,2,back
5,162,0,0,1,2,0,1,1,back
5,163,0,0,1,1,0,1,2,back
5,164,0,0,1,2,0,1,2,back
5,165,1,1,1,2,1,1,2,back
5,166,1,1,1,2,1,1,1,back
5,167,0,0,1,1,0,1,2,back
5,168,0,1,0,1,0,1,2,back
5,169,1,1,1,2,0,0,2,back
5,170,0,0,1,2,0,1,2,back
5,171,0,0,1,2,0,1,1,back
5,172,0,0,1,2,0,1,2,back
5,173,0,0,1,2,0,1,2,back
5,174,0,0,1,2,1,0,1,back
5,175,0,0,1,2,0,1,2,back
5,176,0,1,0,1,0,1,2,back
5,177,0,0,1,2,0,1,2,back
5,178,0,1,0,2,1,0,2,back
5,179,0,0,1,2,0,1,2,back
5,180,0,0,1,1,0,1,1,back
5,181,0,1,0,2,0,1,1,back
5,182,0,0,1,2,0,1,2,back
5,183,0,0,1,1,0,1,2,back
5,184,1,1,1,2,1,1,2,back
5,185,1,1,1,2,1,1,2,back
5,186,1,1,1,2,1,1,2,back
5,187,0,0,1,2,0,1,2,back
5,188,0,0,1,2,0,1,2,back
5,189,0,0,1,2,0,1,2,back
5,190,0,0,1,2,0,1,2,back
5,191,0,0,1,2,0,1,2,back
5,192,0,0,1,1,0,1,1,back
5,193,0,0,1,2,0,1,2,back
5,194,0,0,1,2,0,1,2,back
5,195,0,0,1,2,0,1,2,back
5,196,0,0,1,2,0,1,2,back
5,197,0,0,1,2,0,1,2,back
5,198,0,0,1,2,0,1,2,back
5,199,0,0,1,1,0,1,2,back
5,200,0,0,1,2,0,1,2,back
5,201,0,0,1,2,0,1,2,back
5,202,1,1,1,2,1,1,2,back
5,203,0,0,1,2,0,1,2,back
5,204,1,1,1,2,1,1,2,back
5,205,0,0,1,2,0,1,1,back
5,206,0,0,1,1,0,1,1,back
5,207,1,1,1,2,1,1,2,back
5,208,0,0,1,1,0,1,1,back
5,209,0,0,1,2,0,1,1,back
5,210,0,0,1,2,0,1,2,back
5,211,0,0,1,2,0,1,2,back
5,212,0,0,1,2,0,1,2,back
5,213,0,0,1,2,0,1,2,back
5,214,0,0,1,1,0,1,2,back
5,215,0,1,0,1,1,0,2,back
5,216,0,0,1,2,0,1,2,back
5,217,0,0,1,2,0,1,2,back
5,218,0,0,1,2,0,1,2,back
5,219,0,0,1,2,0,1,2,back
5,220,0,0,1,2,0,1,2,back
5,221,0,0,1,2,0,1,2,back
5,222,0,0,1,2,0,1,2,back
5,223,0,0,1,2,0,1,1,back
5,224,1,1,1,2,1,1,2,back
5,225,0,0,1,2,0,1,2,back
5,226,0,0,1,1,0,1,2,back
5,227,0,0,1,2,0,1,2,back
5,228,0,0,1,2,0,1,2,back
5,229,0,0,1,2,0,1,1,back
5,230,0,0,1,2,0,1,2,back
5,231,0,0,1,2,1,0,1,back
5,232,0,0,1,2,0,1,1,back
5,233,0,0,1,2,0,1,1,back
5,234,0,0,1,2,0,1,1,back
5,235,0,0,1,1,0,1,2,back
5,236,0,0,1,2,0,1,2,back
5,237,1,1,1,2,0,0,1,back
5,238,0,0,1,2,0,1,2,back
5,239,0,0,1,2,0,1,2,back
5,240,0,0,1,2,0,1,1,back
5,241,1,1,1,2,1,1,2,back
5,242,1,1,1,1,1,1,1,back
5,243,0,1,0,2,1,0,2,back
5,244,1,1,1,1,1,1,1,back
5,245,0,0,1,2,0,1,1,back
5,246,1,1,1,1,1,1,2,back
5,247,0,0,1,2,0,1,1,back
5,248,0,0,1,2,0,1,2,back
5,249,0,0,1,2,0,1,1,back
5,250,0,0,1,2,0,1,2,back
5,251,0,0,1,2,0,1,2,back
5,252,0,0,1,2,0,1,2,back
5,253,0,0,1,2,0,1,2,back
5,254,0,0,1,2,0,1,2,back
5,255,0,1,0,2,1,0,1,back
5,256,0,1,0,1,1,0,1,back
5,257,0,0,1,2,1,0,2,back
5,258,0,1,0,1,1,0,1,back
5,259,0,0,1,2,1,0,1,back
5,260,0,0,1,2,0,1,2,back
5,261,0,0,1,1,0,1,1,back
5,262,1,1,1,2,1,1,2,back
5,263,0,0,1,2,0,1,2,back
5,264,1,1,1,2,1,1,2,back
5,265,1,1,1,2,0,0,1,back
5,266,0,0,1,2,0,1,2,back
5,267,0,0,1,1,0,1,1,back
5,268,0,0,1,2,1,0,1,back
5,269,0,0,1,2,0,1,2,back
5,270,1,1,1,2,1,1,2,back
5,271,0,0,1,2,0,1,1,back
5,272,0,0,1,2,0,1,2,back
5,273,0,0,1,2,0,1,2,back
5,274,0,0,1,2,0,1,2,back
5,275,0,0,1,2,0,1,1,back
5,276,0,0,1,2,0,1,2,back
5,277,0,0,1,1,0,1,1,back
5,278,0,0,1,2,0,1,2,back
5,279,0,0,1,2,0,1,2,back
5,280,0,0,1,2,0,1,2,back
5,281,1,1,1,2,1,1,2,back
5,282,0,1,0,2,1,0,1,back
5,283,1,1,1,2,1,1,2,back
5,284,0,0,1,2,1,0,1,back
5,285,0,0,1,2,0,1,2,back
5,286,0,0,1,2,0,1,2,back
5,287,0,0,1,2,0,1,2,back
5,288,0,0,1,2,0,1,2,back
5,289,0,0,1,2,0,1,1,back
5,290,1,1,1,2,1,1,1,back
5,291,0,1,0,2,1,0,2,back
5,292,0,0,1,2,0,1,2,back
5,293,0,0,1,2,0,1,1,back
5,294,0,0,1,2,0,1,2,back
5,295,0,0,1,2,0,1,1,back
5,296,0,0,1,2,0,1,2,back
5,297,0,0,1,1,1,0,1,back
5,298,0,0,1,2,0,1,2,back
5,299,0,0,1,2,0,1,2,back
5,300,0,0,1,2,0,1,2,back
6,1,0,0,1,1,0,1,2,back
6,2,0,1,0,2,0,1,2,back
6,3,0,1,0,2,0,1,1,back
6,4,0,0,1,2,0,1,2,back
6,5,0,0,1,2,0,1,2,back
6,6,0,0,1,2,0,1,2,back
6,7,0,0,1,1,0,1,2,back
6,8,0,1,0,2,1,0,1,back
6,9,0,0,1,1,0,1,2,back
6,10,1,1,1,2,1,1,2,back
6,11,0,0,1,1,0,1,2,back
6,12,0,0,1,1,1,0,1,back
6,13,0,1,0,2,0,1,1,back
6,14,0,1,0,2,1,0,2,back
6,15,0,1,0,2,1,0,1,back
6,16,1,1,1,2,1,1,2,back
6,17,1,1,1,2,1,1,2,back
6,18,0,0,1,1,0,1,2,back
6,19,0,1,0,2,0,1,1,back
6,20,0,1,0,1,0,1,1,back
6,21,1,1,1,2,1,1,2,back
6,22,0,1,0,1,0,1,2,back
6,23,0,1,0,2,0,1,1,back
6,24,0,0,1,1,0,1,2,back
6,25,0,0,1,2,0,1,2,back
6,26,0,0,1,2,1,0,2,back
6,27,0,1,0,2,0,1,2,back
6,28,0,0,1,2,0,1,2,back
6,29,1,0,0,1,1,1,2,back
6,30,0,1,0,2,0,1,2,back
6,31,0,1,0,1,0,1,1,back
6,32,0,0,1,1,0,1,2,back
6,33,0,0,1,1,0,1,2,back
6,34,0,0,1,2,0,1,2,back
6,35,0,1,0,2,0,1,1,back
6,36,0,0,1,2,0,1,2,back
6,37,0,1,0,2,1,0,2,back
6,38,0,1,0,1,0,1,2,back
6,39,0,0,1,2,0,1,2,back
6,40,1,1,1,2,0,0,1,back
6,41,0,1,0,2,0,1,2,back
6,42,0,1,0,2,0,1,2,back
6,43,0,0,1,1,0,1,2,back
6,44,0,0,1,1,0,1,2,back
6,45,1,1,1,2,1,1,2,back
6,46,1,1,1,2,1,1,2,back
6,47,0,0,1,2,0,1,2,back
6,48,0,0,1,2,0,1,2,back
6,49,1,1,1,2,1,1,1,back
6,50,0,0,1,1,0,1,2,back
6,51,0,0,1,1,0,1,2,back
6,52,1,1,1,2,1,1,2,back
6,53,0,0,1,2,0,1,2,back
6,54,0,0,1,1,0,1,2,back
6,55,0,1,0,1,1,0,1,back
6,56,0,0,1,1,0,1,1,back
6,57,0,0,1,2,0,1,2,back
6,58,0,0,1,1,0,1,2,back
6,59,0,1,0,2,0,1,2,back
6,60,0,0,1,1,0,1,2,back
6,61,0,0,1,1,0,1,1,back
6,62,0,0,1,1,0,1,2,back
6,63,0,1,0,1,0,1,2,back
6,64,1,1,1,2,1,1,2,back
6,65,0,0,1,1,0,1,2,back
6,66,0,0,1,1,0,1,2,back
6,67,0,0,1,2,0,1,2,back
6,68,0,1,0,2,1,0,2,back
6,69,0,0,1,1,0,1,2,back
6,70,0,1,0,2,0,1,1,back
6,71,0,0,1,2,0,1,2,back
6,72,0,0,1,2,0,1,2,back
6,73,0,0,1,1,0,1,2,back
6,74,0,0,1,2,0,1,2,back
6,75,0,0,1,1,1,0,1,back
6,76,0,0,1,1,0,1,2,back
6,77,0,0,1,2,0,1,2,back
6,78,1,1,1,2,1,1,2,back
6,79,0,1,0,1,1,0,2,back
6,80,0,0,1,1,0,1,2,back
6,81,1,0,0,1,1,1,2,back
6,82,0,1,0,2,0,1,1,back
6,83,0,0,1,2,0,1,2,back
6,84,0,0,1,1,0,1,1,back
6,85,0,0,1,1,0,1,2,back
6,86,0,0,1,2,0,1,2,back
6,87,0,0,1,1,1,0,1,back
6,88,0,0,1,2,0,1,2,back
6,89,0,1,0,2,0,1,2,back
6,90,0,0,1,1,1,0,1,back
6,91,0,0,1,2,0,1,1,back
6,92,0,0,1,2,0,1,2,back
6,93,0,1,0,1,0,1,2,back
6,94,0,0,1,2,0,1,2,back
6,95,0,0,1,2,0,1,2,back
6,96,0,0,1,1,0,1,1,back
6,97,0,0,1,1,0,1,1,back
6,98,1,1,1,2,1,1,2,back
6,99,0,0,1,1,0,1,2,back
6,100,0,0,1,1,0,1,2,back
6,101,1,1,1,2,1,1,2,back
6,102,0,0,1,2,0,1,2,back
6,103,0,0,1,1,0,1,2,back
6,104,0,0,1,1,1,0,2,back
6,105,1,1,1,2,1,1,2,back
6,106,0,0,1,2,0,1,2,back
6,107,1,1,1,2,1,1,1,back
6,108,1,1,1,2,1,1,2,back
6,109,1,1,1,1,1,1,2,back
6,110,1,1,1,2,1,1,2,back
6,111,0,1,0,2,0,1,1,back
6,112,0,1,0,2,1,0,2,back
6,113,0,1,0,2,1,0,1,back
6,114,0,1,0,2,1,0,1,back
6,115,0,0,1,1,0,1,2,back
6,116,0,0,1,2,0,1,2,back
6,117,0,0,1,2,0,1,1,back
6,118,0,1,0,1,0,1,1,back
6,119,0,0,1,2,0,1,2,back
6,120,1,1,1,2,1,1,2,back
6,121,0,1,0,2,0,1,1,back
6,122,0,1,0,1,0,1,1,back
6,123,0,1,0,2,1,0,2,back
6,124,0,0,1,1,0,1,2,back
6,125,1,1,1,2,1,1,2,back
6,126,0,0,1,1,1,0,2,back
6,127,1,1,1,1,1,1,2,back
6,128,0,0,1,1,0,1,1,back
6,129,0,0,1,2,0,1,2,back
6,130,0,0,1,2,1,0,1,back
6,131,0,0,1,2,0,1,2,back
6,132,0,0,1,1,1,0,2,back
6,133,0,0,1,1,0,1,2,back
6,134,0,0,1,2,0,1,2,back
6,135,0,1,0,1,0,1,2,back
6,136,0,0,1,1,0,1,1,back
6,137,0,1,0,2,1,0,2,back
6,138,0,1,0,2,1,0,2,back
6,139,0,0,1,2,0,1,1,back
6,140,0,1,0,1,0,1,1,back
6,141,0,0,1,1,0,1,1,back
6,142,0,0,1,1,0,1,1,back
6,143,1,1,1,2,1,1,2,back
6,144,0,0,1,1,0,1,2,back
6,145,0,1,0,2,1,0,1,back
6,146,0,1,0,2,0,1,1,back
6,147,0,0,1,2,0,1,1,back
6,148,1,0,0,1,0,0,1,back
6,149,0,0,1,1,0,1,2,back
6,150,0,0,1,1,1,0,2,back
6,151,0,0,1,2,0,1,2,back
6,152,1,1,1,2,1,1,2,back
6,153,1,1,1,2,1,1,2,back
6,154,0,0,1,1,0,1,2,back
6,155,0,0,1,1,0,1,2,back
6,156,0,0,1,1,0,1,2,back
6,157,0,0,1,1,0,1,2,back
6,158,0,0,1,1,0,1,2,back
6,159,0,0,1,1,1,0,2,back
6,160,0,0,1,2,0,1,2,back
6,161,1,1,1,2,1,1,2,back
6,162,0,0,1,2,0,1,2,back
6,163,0,1,0,1,0,1,1,back
6,164,0,0,1,1,0,1,2,back
6,165,1,1,1,2,1,1,2,back
6,166,1,1,1,2,1,1,2,back
6,167,0,1,0,1,0,1,1,back
6,168,0,0,1,1,0,1,2,back
6,169,1,1,1,2,1,1,2,back
6,170,0,0,1,1,1,0,2,back
6,171,0,0,1,1,0,1,1,back
6,172,0,0,1,1,0,1,2,back
6,173,0,0,1,1,0,1,2,back
6,174,0,0,1,1,0,1,2,back
6,175,0,0,1,1,0,1,1,back
6,176,0,0,1,1,0,1,2,back
6,177,0,0,1,1,0,1,2,back
6,178,0,1,0,2,1,0,2,back
6,179,0,0,1,1,0,1,2,back
6,180,0,0,1,1,1,0,1,back
6,181,0,0,1,1,0,1,2,back
6,182,0,0,1,2,0,1,2,back
6,183,0,0,1,1,0,1,2,back
6,184,1,1,1,2,1,1,2,back
6,185,1,1,1,2,1,1,2,back
6,186,1,1,1,2,0,0,2,back
6,187,0,0,1,2,0,1,2,back
6,188,0,0,1,1,0,1,2,back
6,189,0,0,1,2,0,1,2,back
6,190,0,0,1,2,0,1,2,back
6,191,0,0,1,2,0,1,2,back
6,192,0,0,1,1,0,1,2,back
6,193,0,0,1,1,0,1,2,back
6,194,0,0,1,1,0,1,2,back
6,195,0,0,1,1,0,1,2,back
6,196,0,0,1,1,0,1,2,back
6,197,0,0,1,1,0,1,2,back
6,198,0,0,1,2,0,1,2,back
6,199,0,0,1,2,0,1,2,back
6,200,0,0,1,2,0,1,2,back
6,201,0,0,1,2,0,1,1,back
6,202,1,1,1,2,1,1,2,back
6,203,0,0,1,2,0,1,2,back
6,204,1,1,1,2,1,1,2,back
6,205,0,1,0,2,1,0,2,back
6,206,0,0,1,1,1,0,2,back
6,207,1,1,1,2,1,1,2,back
6,208,0,0,1,2,0,1,2,back
6,209,0,0,1,2,0,1,2,back
6,210,0,1,0,2,0,1,1,back
6,211,0,0,1,1,0,1,2,back
6,212,0,0,1,1,0,1,1,back
6,213,0,0,1,2,0,1,2,back
6,214,0,0,1,1,0,1,2,back
6,215,0,0,1,2,0,1,2,back
6,216,0,0,1,2,0,1,2,back
6,217,0,0,1,2,0,1,2,back
6,218,0,0,1,2,0,1,2,back
6,219,0,0,1,2,0,1,2,back
6,220,0,0,1,1,0,1,2,back
6,221,0,0,1,2,0,1,2,back
6,222,0,0,1,1,0,1,2,back
6,223,0,0,1,2,0,1,1,back
6,224,1,1,1,2,1,1,2,back
6,225,0,0,1,2,0,1,2,back
6,226,0,0,1,1,0,1,1,back
6,227,0,0,1,2,0,1,2,back
6,228,0,0,1,1,0,1,2,back
6,229,0,0,1,2,0,1,2,back
6,230,0,0,1,2,0,1,2,back
6,231,0,1,0,2,1,0,2,back
6,232,0,0,1,2,0,1,2,back
6,233,0,0,1,2,0,1,2,back
6,234,0,0,1,2,0,1,2,back
6,235,0,0,1,2,0,1,2,back
6,236,0,0,1,2,0,1,2,back
6,237,1,0,0,2,0,0,2,back
6,238,0,0,1,2,0,1,2,back
6,239,0,0,1,2,0,1,2,back
6,240,0,0,1,2,0,1,2,back
6,241,1,1,1,2,1,1,2,back
6,242,1,1,1,2,1,1,2,back
6,243,0,0,1,1,1,0,2,back
6,244,1,1,1,2,1,1,2,back
6,245,0,0,1,2,0,1,1,back
6,246,1,1,1,2,0,0,2,back
6,247,0,0,1,2,0,1,2,back
6,248,0,0,1,2,0,1,2,back
6,249,0,0,1,1,0,1,2,back
6,250,0,0,1,1,0,1,2,back
6,251,0,1,0,1,0,1,2,back
6,252,0,0,1,2,0,1,2,back
6,253,0,0,1,2,0,1,2,back
6,254,0,0,1,2,0,1,2,back
6,255,0,0,1,1,0,1,1,back
6,256,0,1,0,2,0,1,2,back
6,257,0,0,1,1,0,1,2,back
6,258,0,1,0,1,1,0,1,back
6,259,0,0,1,2,0,1,2,back
6,260,0,0,1,2,1,0,1,back
6,261,0,0,1,1,0,1,2,back
6,262,1,1,1,2,1,1,2,back
6,263,0,0,1,2,0,1,2,back
6,264,1,1,1,2,1,1,2,back
6,265,1,1,1,2,1,1,1,back
6,266,0,0,1,1,0,1,2,back
6,267,0,0,1,2,0,1,2,back
6,268,0,0,1,2,0,1,2,back
6,269,0,0,1,2,0,1,2,back
6,270,1,1,1,2,1,1,2,back
6,271,0,0,1,1,0,1,1,back
6,272,0,0,1,1,0,1,2,back
6,273,0,0,1,2,0,1,2,back
6,274,0,0,1,2,0,1,2,back
6,275,0,0,1,2,0,1,2,back
6,276,0,0,1,2,0,1,2,back
6,277,0,0,1,1,0,1,2,back
6,278,0,0,1,2,0,1,2,back
6,279,0,0,1,2,0,1,2,back
6,280,0,0,1,2,0,1,2,back
6,281,1,1,1,2,1,1,2,back
6,282,0,1,0,1,1,0,1,back
6,283,1,1,1,2,1,1,2,back
6,284,0,1,0,2,1,0,2,back
6,285,0,0,1,2,0,1,2,back
6,286,0,1,0,2,1,0,2,back
6,287,0,0,1,2,0,1,2,back
6,288,0,0,1,2,0,1,2,back
6,289,0,0,1,1,0,1,2,back
6,290,1,1,1,2,1,1,2,back
6,291,0,0,1,1,1,0,2,back
6,292,0,0,1,2,0,1,1,back
6,293,0,0,1,2,0,1,2,back
6,294,0,0,1,2,0,1,1,back
6,295,0,0,1,2,0,1,1,back
6,296,0,0,1,2,0,1,2,back
6,297,0,0,1,1,0,1,1,back
6,298,0,0,1,2,0,1,2,back
6,299,0,0,1,2,0,1,2,back
6,300,0,0,1,1,0,1,2,back
7,1,0,1,0,1,1,0,1,back
7,2,0,0,1,2,0,1,2,back
7,3,0,0,1,1,1,0,1,back
7,4,0,0,1,2,0,1,2,back
7,5,0,0,1,1,0,1,2,back
7,6,0,0,1,2,0,1,2,back
7,7,0,0,1,2,0,1,2,back
7,8,0,1,0,2,1,0,1,back
7,9,0,0,1,2,0,1,2,back
7,10,1,1,1,2,1,1,2,back
7,11,0,0,1,2,0,1,2,back
7,12,0,0,1,2,0,1,2,back
7,13,0,0,1,2,0,1,2,back
7,14,0,1,0,1,1,0,2,back
7,15,0,0,1,2,0,1,2,back
7,16,1,1,1,2,0,0,1,back
7,17,1,1,1,2,1,1,2,back
7,18,0,0,1,2,0,1,2,back
7,19,0,0,1,2,0,1,2,back
7,20,0,0,1,2,0,1,2,back
7,21,1,1,1,2,1,1,2,back
7,22,0,0,1,2,0,1,2,back
7,23,0,0,1,2,0,1,2,back
7,24,0,0,1,2,0,1,1,back
7,25,0,0,1,2,0,1,2,back
7,26,0,1,0,2,0,1,1,back
7,27,0,0,1,2,0,1,2,back
7,28,0,0,1,2,0,1,2,back
7,29,1,1,1,2,1,1,2,back
7,30,0,0,1,2,0,1,1,back
7,31,0,0,1,2,0,1,2,back
7,32,0,1,0,1,0,1,2,back
7,33,0,0,1,1,0,1,2,back
7,34,0,0,1,2,0,1,2,back
7,35,0,1,0,1,0,1,2,back
7,36,0,0,1,2,0,1,2,back
7,37,0,0,1,2,0,1,2,back
7,38,0,0,1,2,0,1,2,back
7,39,0,0,1,2,0,1,2,back
7,40,1,0,0,2,0,0,1,back
7,41,0,0,1,2,0,1,2,back
7,42,0,0,1,2,0,1,2,back
7,43,0,0,1,2,0,1,2,back
7,44,0,0,1,2,1,0,1,back
7,45,1,1,1,2,1,1,2,back
7,46,1,1,1,2,1,1,1,back
7,47,0,0,1,2,0,1,2,back
7,48,0,0,1,1,0,1,2,back
7,49,1,0,0,1,0,0,2,back
7,50,0,0,1,2,0,1,2,back
7,51,0,0,1,2,0,1,2,back
7,52,1,1,1,1,1,1,1,back
7,53,0,0,1,2,0,1,2,back
7,54,0,0,1,2,0,1,2,back
7,55,0,0,1,2,0,1,2,back
7,56,0,0,1,1,0,1,1,back
7,57,0,0,1,2,0,1,2,back
7,58,0,0,1,2,0,1,2,back
7,59,0,0,1,2,0,1,2,back
7,60,0,0,1,2,0,1,2,back
7,61,0,1,0,1,0,1,1,back
7,62,0,0,1,2,0,1,2,back
7,63,0,1,0,1,0,1,2,back
7,64,1,1,1,2,1,1,2,back
7,65,0,0,1,2,0,1,2,back
7,66,0,0,1,2,0,1,2,back
7,67,0,0,1,2,0,1,2,back
7,68,0,0,1,2,1,0,2,back
7,69,0,0,1,2,0,1,2,back
7,70,0,0,1,2,0,1,2,back
7,71,0,0,1,2,0,1,2,back
7,72,0,1,0,1,1,0,1,back
7,73,0,0,1,2,0,1,2,back
7,74,0,0,1,2,0,1,2,back
7,75,0,0,1,1,0,1,1,back
7,76,0,1,0,1,0,1,2,back
7,77,0,0,1,2,0,1,2,back
7,78,1,1,1,2,1,1,2,back
7,79,0,0,1,2,0,1,2,back
7,80,0,0,1,1,0,1,2,back
7,81,1,0,0,1,1,1,1,back
7,82,0,0,1,2,0,1,2,back
7,83,0,0,1,2,0,1,2,back
7,84,0,0,1,2,0,1,2,back
7,85,0,0,1,2,0,1,2,back
7,86,0,1,0,1,0,1,2,back
7,87,0,0,1,2,0,1,2,back
7,88,0,0,1,2,0,1,2,back
7,89,0,1,0,1,1,0,2,back
7,90,0,0,1,2,0,1,2,back
7,91,0,0,1,2,0,1,2,back
7,92,0,0,1,2,0,1,2,back
7,93,0,0,1,2,0,1,1,back
7,94,0,0,1,2,0,1,2,back
7,95,0,1,0,2,0,1,2,back
7,96,0,1,0,1,0,1,2,back
7,97,0,0,1,1,0,1,2,back
7,98,1,1,1,2,1,1,2,back
7,99,0,0,1,1,0,1,2,back
7,100,0,0,1,1,0,1,2,back
7,101,1,1,1,2,1,1,2,back
7,102,0,0,1,2,0,1,2,back
7,103,0,0,1,2,0,1,2,back
7,104,0,1,0,2,1,0,2,back
7,105,1,1,1,2,1,1,2,back
7,106,0,0,1,2,0,1,2,back
7,107,1,1,1,2,1,1,2,back
7,108,1,1,1,2,1,1,2,back
7,109,1,1,1,2,1,1,1,back
7,110,1,1,1,2,1,1,2,back
7,111,0,0,1,2,0,1,2,back
7,112,0,1,0,2,1,0,2,back
7,113,0,0,1,2,0,1,2,back
7,114,0,1,0,2,0,1,2,back
7,115,0,0,1,2,0,1,2,back
7,116,0,0,1,2,0,1,2,back
7,117,0,0,1,2,0,1,2,back
7,118,0,0,1,2,0,1,2,back
7,119,0,0,1,2,0,1,2,back
7,120,1,1,1,2,1,1,2,back
7,121,0,0,1,2,0,1,2,back
7,122,0,0,1,1,0,1,2,back
7,123,0,1,0,2,1,0,2,back
7,124,0,0,1,2,0,1,2,back
7,125,1,1,1,1,1,1,2,back
7,126,0,1,0,2,1,0,2,back
7,127,1,1,1,2,1,1,2,back
7,128,0,0,1,2,0,1,2,back
7,129,0,1,0,1,0,1,2,back
7,130,0,0,1,2,0,1,2,back
7,131,0,0,1,2,0,1,2,back
7,132,0,0,1,2,0,1,2,back
7,133,0,0,1,2,0,1,2,back
7,134,0,0,1,2,0,1,2,back
7,135,0,0,1,2,1,0,1,back
7,136,0,0,1,2,0,1,2,back
7,137,0,1,0,2,1,0,2,back
7,138,0,0,1,2,0,1,2,back
7,139,0,0,1,2,0,1,2,back
7,140,0,0,1,1,0,1,2,back
7,141,0,0,1,1,0,1,1,back
7,142,0,0,1,2,0,1,2,back
7,143,1,1,1,2,1,1,2,back
7,144,0,0,1,2,0,1,2,back
7,145,0,1,0,1,0,1,2,back
7,146,0,0,1,2,0,1,2,back
7,147,0,0,1,1,0,1,2,back
7,148,1,0,0,2,0,0,1,back
7,149,0,0,1,2,0,1,2,back
7,150,0,1,0,2,1,0,2,back
7,151,0,0,1,2,0,1,2,back
7,152,1,1,1,2,0,0,2,back
7,153,1,1,1,2,1,1,2,back
7,154,0,0,1,2,0,1,2,back
7,155,0,0,1,2,0,1,2,back
7,156,0,0,1,2,0,1,2,back
7,157,0,1,0,1,1,0,1,back
7,158,0,0,1,1,0,1,2,back
7,159,0,1,0,1,1,0,2,back
7,160,0,0,1,2,1,0,1,back
7,161,1,1,1,2,1,1,2,back
7,162,0,0,1,2,0,1,2,back
7,163,0,0,1,2,0,1,2,back
7,164,0,0,1,2,0,1,2,back
7,165,1,1,1,2,1,1,2,back
7,166,1,1,1,2,1,1,2,back
7,167,0,0,1,1,1,0,1,back
7,168,0,0,1,2,0,1,2,back
7,169,1,1,1,2,1,1,2,back
7,170,0,0,1,2,0,1,2,back
7,171,0,0,1,2,0,1,2,back
7,172,0,0,1,2,0,1,2,back
7,173,0,0,1,2,0,1,2,back
7,174,0,0,1,2,0,1,2,back
7,175,0,0,1,2,0,1,2,back
7,176,0,0,1,2,0,1,1,back
7,177,0,0,1,2,0,1,2,back
7,178,0,1,0,2,1,0,2,back
7,179,0,0,1,2,0,1,2,back
7,180,0,1,0,1,1,0,2,back
7,181,0,0,1,2,0,1,2,back
7,182,0,0,1,2,0,1,2,back
7,183,0,0,1,2,0,1,2,back
7,184,1,1,1,2,1,1,2,back
7,185,1,1,1,2,1,1,2,back
7,186,1,1,1,2,1,1,2,back
7,187,0,0,1,2,0,1,2,back
7,188,0,0,1,2,0,1,2,back
7,189,0,0,1,2,0,1,2,back
7,190,0,0,1,2,0,1,2,back
7,191,0,0,1,2,0,1,2,back
7,192,0,0,1,2,0,1,2,back
7,193,0,0,1,2,0,1,2,back
7,194,0,0,1,2,0,1,1,back
7,195,0,0,1,2,0,1,2,back
7,196,0,0,1,2,0,1,2,back
7,197,0,0,1,2,0,1,2,back
7,198,0,0,1,2,0,1,2,back
7,199,0,0,1,2,0,1,2,back
7,200,0,0,1,2,0,1,2,back
7,201,0,0,1,2,0,1,2,back
7,202,1,1,1,2,1,1,2,back
7,203,0,0,1,2,0,1,1,back
7,204,1,1,1,2,1,1,2,back
7,205,0,1,0,1,0,1,1,back
7,206,0,0,1,2,1,0,2,back
7,207,1,1,1,2,1,1,2,back
7,208,0,0,1,2,0,1,2,back
7,209,0,0,1,2,0,1,2,back
7,210,0,0,1,2,0,1,2,back
7,211,0,0,1,2,0,1,2,back
7,212,0,0,1,2,0,1,2,back
7,213,0,0,1,2,0,1,2,back
7,214,0,0,1,2,0,1,1,back
7,215,0,0,1,2,0,1,2,back
7,216,0,0,1,2,0,1,2,back
7,217,0,0,1,2,0,1,2,back
7,218,0,0,1,1,0,1,2,back
7,219,0,0,1,2,0,1,2,back
7,220,0,0,1,2,0,1,1,back
7,221,0,0,1,1,0,1,2,back
7,222,0,0,1,2,0,1,2,back
7,223,0,0,1,2,0,1,2,back
7,224,1,1,1,2,1,1,2,back
7,225,0,0,1,2,0,1,2,back
7,226,0,0,1,2,0,1,2,back
7,227,0,0,1,2,0,1,2,back
7,228,0,0,1,1,0,1,2,back
7,229,0,0,1,2,0,1,2,back
7,230,0,0,1,2,0,1,2,back
7,231,0,1,0,2,1,0,1,back
7,232,0,0,1,2,0,1,2,back
7,233,0,0,1,2,0,1,2,back
7,234,0,0,1,1,0,1,2,back
7,235,0,0,1,2,0,1,2,back
7,236,0,0,1,2,0,1,2,back
7,237,1,1,1,2,1,1,2,back
7,238,0,0,1,2,0,1,2,back
7,239,0,0,1,2,0,1,2,back
7,240,0,0,1,2,0,1,2,back
7,241,1,1,1,1,1,1,2,back
7,242,1,1,1,2,1,1,2,back
7,243,0,0,1,2,0,1,2,back
7,244,1,1,1,2,1,1,2,back
7,245,0,0,1,2,0,1,2,back
7,246,1,1,1,1,1,1,2,back
7,247,0,0,1,2,0,1,2,back
7,248,0,0,1,2,0,1,2,back
7,249,0,0,1,2,0,1,2,back
7,250,0,0,1,2,0,1,2,back
7,251,0,0,1,2,0,1,2,back
7,252,0,0,1,2,0,1,2,back
7,253,0,0,1,2,0,1,2,back
7,254,0,0,1,2,0,1,2,back
7,255,0,0,1,2,0,1,1,back
7,256,0,1,0,1,0,1,2,back
7,257,0,0,1,2,0,1,2,back
7,258,0,0,1,2,0,1,2,back
7,259,0,0,1,2,0,1,2,back
7,260,0,0,1,2,0,1,2,back
7,261,0,0,1,2,0,1,1,back
7,262,1,1,1,2,1,1,2,back
7,263,0,0,1,2,0,1,2,back
7,264,1,1,1,2,1,1,2,back
7,265,1,0,0,1,1,1,1,back
7,266,0,0,1,2,0,1,2,back
7,267,0,0,1,2,0,1,2,back
7,268,0,0,1,2,0,1,2,back
7,269,0,0,1,2,0,1,2,back
7,270,1,1,1,2,1,1,2,back
7,271,0,0,1,2,0,1,2,back
7,272,0,0,1,2,0,1,2,back
7,273,0,0,1,2,0,1,2,back
7,274,0,0,1,2,0,1,2,back
7,275,0,0,1,2,0,1,2,back
7,276,0,0,1,2,0,1,2,back
7,277,0,0,1,2,1,0,1,back
7,278,0,0,1,2,0,1,2,back
7,279,0,0,1,2,0,1,2,back
7,280,0,0,1,2,0,1,2,back
7,281,1,1,1,2,1,1,2,back
7,282,0,0,1,1,0,1,2,back
7,283,1,1,1,2,1,1,2,back
7,284,0,0,1,2,0,1,2,back
7,285,0,0,1,2,0,1,2,back
7,286,0,0,1,2,0,1,2,back
7,287,0,0,1,2,0,1,2,back
7,288,0,0,1,2,0,1,2,back
7,289,0,0,1,2,0,1,2,back
7,290,1,1,1,2,1,1,2,back
7,291,0,0,1,2,0,1,2,back
7,292,0,0,1,2,0,1,2,back
7,293,0,0,1,2,0,1,2,back
7,294,0,0,1,2,0,1,1,back
7,295,0,0,1,2,0,1,2,back
7,296,0,0,1,2,0,1,2,back
7,297,0,0,1,1,1,0,1,back
7,298,0,0,1,2,0,1,2,back
7,299,0,0,1,2,0,1,2,back
7,300,0,0,1,2,0,1,2,back
8,1,0,0,1,1,0,1,1,back
8,2,0,0,1,2,0,1,2,back
8,3,0,0,1,1,0,1,1,back
8,4,0,0,1,2,0,1,2,back
8,5,0,0,1,2,0,1,2,back
8,6,0,0,1,1,0,1,2,back
8,7,0,0,1,2,0,1,2,back
8,8,0,0,1,1,0,1,2,back
8,9,0,0,1,2,0,1,2,back
8,10,1,1,1,2,1,1,2,back
8,11,0,0,1,2,0,1,2,back
8,12,0,0,1,2,0,1,2,back
8,13,0,0,1,2,0,1,2,back
8,14,0,1,0,2,1,0,2,back
8,15,0,0,1,1,0,1,1,back
8,16,1,1,1,2,1,1,2,back
8,17,1,1,1,2,1,1,2,back
8,18,0,0,1,1,0,1,2,back
8,19,0,0,1,1,0,1,1,back
8,20,0,0,1,1,0,1,2,back
8,21,1,1,1,2,1,1,2,back
8,22,0,0,1,2,0,1,2,back
8,23,0,0,1,1,0,1,1,back
8,24,0,0,1,1,0,1,2,back
8,25,0,0,1,2,0,1,2,back
8,26,0,0,1,2,0,1,2,back
8,27,0,0,1,2,0,1,2,back
8,28,0,0,1,2,0,1,2,back
8,29,1,1,1,2,1,1,2,back
8,30,0,0,1,2,0,1,1,back
8,31,0,1,0,1,0,1,1,back
8,32,0,1,0,1,0,1,1,back
8,33,0,0,1,1,0,1,1,back
8,34,0,0,1,2,0,1,2,back
8,35,0,1,0,2,1,0,2,back
8,36,0,0,1,2,0,1,2,back
8,37,0,0,1,1,0,1,2,back
8,38,0,0,1,2,0,1,1,back
8,39,0,0,1,2,0,1,2,back
8,40,1,0,0,1,0,0,2,back
8,41,0,0,1,1,0,1,1,back
8,42,0,0,1,1,0,1,1,back
8,43,0,0,1,2,0,1,2,back
8,44,0,0,1,1,0,1,2,back
8,45,1,1,1,2,1,1,2,back
8,46,1,1,1,2,1,1,2,back
8,47,0,0,1,2,0,1,2,back
8,48,0,0,1,2,0,1,2,back
8,49,1,1,1,1,0,0,2,back
8,50,0,0,1,1,0,1,1,back
8,51,0,0,1,2,0,1,2,back
8,52,1,1,1,2,1,1,2,back
8,53,0,0,1,2,0,1,2,back
8,54,0,0,1,2,0,1,2,back
8,55,0,0,1,2,0,1,2,back
8,56,0,0,1,1,0,1,1,back
8,57,0,0,1,2,0,1,2,back
8,58,0,0,1,2,0,1,2,back
8,59,0,1,0,1,0,1,1,back
8,60,0,0,1,2,0,1,2,back
8,61,0,0,1,2,1,0,1,back
8,62,0,0,1,2,0,1,2,back
8,63,0,1,0,2,0,1,1,back
8,64,1,1,1,2,1,1,2,back
8,65,0,0,1,2,0,1,2,back
8,66,0,0,1,2,0,1,2,back
8,67,0,0,1,1,0,1,2,back
8,68,0,0,1,2,0,1,2,back
8,69,0,0,1,2,0,1,2,back
8,70,0,0,1,2,0,1,2,back
8,71,0,0,1,2,0,1,2,back
8,72,0,1,0,1,1,0,2,back
8,73,0,0,1,1,0,1,1,back
8,74,0,0,1,2,0,1,2,back
8,75,0,1,0,1,0,1,1,back
8,76,0,1,0,1,1,0,1,back
8,77,0,0,1,2,0,1,2,back
8,78,1,1,1,1,1,1,2,back
8,79,0,0,1,2,0,1,2,back
8,80,0,0,1,2,0,1,2,back
8,81,1,1,1,1,1,1,2,back
8,82,0,0,1,2,0,1,2,back
8,83,0,0,1,2,0,1,2,back
8,84,0,0,1,1,0,1,2,back
8,85,0,0,1,1,0,1,2,back
8,86,0,0,1,2,1,0,1,back
8,87,0,0,1,1,0,1,1,back
8,88,0,0,1,2,0,1,1,back
8,89,0,1,0,2,1,0,2,back
8,90,0,0,1,1,0,1,2,back
8,91,0,0,1,1,0,1,1,back
8,92,0,0,1,2,0,1,2,back
8,93,0,1,0,1,1,0,2,back
8,94,0,0,1,2,0,1,2,back
8,95,0,0,1,2,0,1,2,back
8,96,0,0,1,1,1,0,1,back
8,97,0,1,0,1,0,1,1,back
8,98,1,1,1,2,1,1,2,back
8,99,0,0,1,2,0,1,2,back
8,100,0,0,1,1,1,0,2,back
8,101,1,1,1,2,1,1,2,back
8,102,0,0,1,2,0,1,1,back
8,103,0,0,1,2,0,1,2,back
8,104,0,1,0,2,1,0,2,back
8,105,1,1,1,2,1,1,2,back
8,106,0,0,1,2,0,1,2,back
8,107,1,1,1,2,1,1,2,back
8,108,1,1,1,2,1,1,2,back
8,109,1,1,1,2,1,1,2,back
8,110,1,0,0,2,0,0,2,back
8,111,0,0,1,1,0,1,1,back
8,112,0,1,0,1,1,0,2,back
8,113,0,1,0,2,1,0,2,back
8,114,0,1,0,2,1,0,2,back
8,115,0,0,1,2,0,1,2,back
8,116,0,0,1,2,0,1,1,back
8,117,0,0,1,1,0,1,2,back
8,118,0,0,1,2,0,1,1,back
8,119,0,0,1,2,0,1,1,back
8,120,1,0,0,2,1,1,2,back
8,121,0,0,1,2,0,1,2,back
8,122,0,0,1,1,0,1,1,back
8,123,0,1,0,2,1,0,2,back
8,124,0,0,1,2,0,1,2,back
8,125,1,1,1,2,1,1,2,back
8,126,0,1,0,2,0,1,2,back
8,127,1,1,1,2,1,1,2,back
8,128,0,0,1,1,0,1,2,back
8,129,0,0,1,2,0,1,2,back
8,130,0,1,0,1,0,1,1,back
8,131,0,0,1,1,0,1,1,back
8,132,0,1,0,1,0,1,1,back
8,133,0,0,1,1,0,1,2,back
8,134,0,0,1,2,0,1,2,back
8,135,0,1,0,2,0,1,1,back
8,136,0,0,1,2,0,1,2,back
8,137,0,1,0,2,1,0,2,back
8,138,0,1,0,1,1,0,1,back
8,139,0,0,1,2,0,1,2,back
8,140,0,0,1,1,1,0,1,back
8,141,0,1,0,1,1,0,1,back
8,142,0,0,1,2,0,1,2,back
8,143,1,1,1,2,1,1,2,back
8,144,0,0,1,2,0,1,2,back
8,145,0,0,1,2,0,1,2,back
8,146,0,1,0,1,0,1,2,back
8,147,0,0,1,2,0,1,2,back
8,148,1,1,1,2,1,1,2,back
8,149,0,0,1,2,0,1,2,back
8,150,0,1,0,1,1,0,1,back
8,151,0,0,1,2,0,1,2,back
8,152,1,0,0,1,1,1,2,back
8,153,1,1,1,2,1,1,2,back
8,154,0,0,1,1,1,0,1,back
8,155,0,0,1,2,0,1,2,back
8,156,0,0,1,1,0,1,2,back
8,157,0,0,1,2,0,1,2,back
8,158,0,0,1,2,0,1,2,back
8,159,0,1,0,1,1,0,2,back
8,160,0,0,1,2,0,1,1,back
8,161,1,1,1,2,1,1,2,back
8,162,0,0,1,2,0,1,2,back
8,163,0,1,0,2,0,1,2,back
8,164,0,0,1,1,0,1,1,back
8,165,1,1,1,2,1,1,2,back
8,166,1,1,1,2,1,1,2,back
8,167,0,0,1,1,1,0,1,back
8,168,0,0,1,2,0,1,1,back
8,169,1,1,1,2,1,1,2,back
8,170,0,0,1,2,0,1,2,back
8,171,0,0,1,2,0,1,1,back
8,172,0,0,1,1,0,1,2,back
8,173,0,0,1,2,0,1,2,back
8,174,0,0,1,2,0,1,2,back
8,175,0,0,1,1,0,1,1,back
8,176,0,1,0,1,0,1,1,back
8,177,0,0,1,2,0,1,1,back
8,178,0,1,0,2,1,0,2,back
8,179,0,0,1,2,0,1,2,back
8,180,0,1,0,2,1,0,1,back
8,181,0,0,1,1,1,0,2,back
8,182,0,0,1,2,0,1,2,back
8,183,0,0,1,2,0,1,2,back
8,184,1,1,1,2,1,1,2,back
8,185,1,1,1,2,1,1,2,back
8,186,1,1,1,2,1,1,2,back
8,187,0,0,1,2,0,1,2,back
8,188,0,0,1,2,0,1,2,back
8,189,0,1,0,1,0,1,2,back
8,190,0,0,1,2,0,1,2,back
8,191,0,0,1,2,0,1,2,back
8,192,0,0,1,2,0,1,2,back
8,193,0,0,1,2,0,1,2,back
8,194,0,0,1,2,0,1,2,back
8,195,0,0,1,2,0,1,2,back
8,196,0,0,1,2,0,1,2,back
8,197,0,0,1,1,0,1,2,back
8,198,0,0,1,2,0,1,2,back
8,199,0,0,1,2,0,1,2,back
8,200,0,0,1,2,0,1,2,back
8,201,0,0,1,2,0,1,2,back
8,202,1,1,1,2,1,1,2,back
8,203,0,0,1,2,0,1,2,back
8,204,1,1,1,2,1,1,2,back
8,205,0,1,0,2,1,0,2,back
8,206,0,1,0,2,1,0,2,back
8,207,1,1,1,2,1,1,2,back
8,208,0,0,1,2,1,0,1,back
8,209,0,0,1,2,0,1,2,back
8,210,0,0,1,1,0,1,2,back
8,211,0,0,1,2,0,1,2,back
8,212,0,0,1,2,0,1,2,back
8,213,0,0,1,2,0,1,2,back
8,214,0,1,0,1,0,1,1,back
8,215,0,0,1,2,0,1,1,back
8,216,0,0,1,2,0,1,2,back
8,217,0,0,1,2,0,1,2,back
8,218,0,0,1,2,0,1,2,back
8,219,0,1,0,2,0,1,2,back
8,220,0,0,1,2,0,1,2,back
8,221,0,0,1,2,0,1,2,back
8,222,0,0,1,2,0,1,2,back
8,223,0,0,1,2,0,1,2,back
8,224,1,1,1,2,1,1,2,back
8,225,0,0,1,2,0,1,1,back
8,226,0,0,1,1,0,1,2,back
8,227,0,0,1,2,0,1,2,back
8,228,0,0,1,2,0,1,2,back
8,229,0,0,1,2,0,1,2,back
8,230,0,0,1,2,0,1,2,back
8,231,0,0,1,2,0,1,1,back
8,232,0,0,1,2,0,1,1,back
8,233,0,0,1,2,0,1,2,back
8,234,0,0,1,2,0,1,2,back
8,235,0,0,1,2,0,1,2,back
8,236,0,0,1,2,0,1,2,back
8,237,1,0,0,2,0,0,2,back
8,238,0,0,1,2,1,0,1,back
8,239,0,0,1,2,0,1,2,back
8,240,0,0,1,2,0,1,1,back
8,241,1,1,1,2,1,1,2,back
8,242,1,1,1,2,1,1,1,back
8,243,0,0,1,2,0,1,1,back
8,244,1,0,0,1,1,1,1,back
8,245,0,0,1,2,0,1,1,back
8,246,1,1,1,2,1,1,2,back
8,247,0,0,1,2,0,1,2,back
8,248,0,0,1,2,0,1,2,back
8,249,0,0,1,2,0,1,1,back
8,250,0,0,1,2,0,1,2,back
8,251,0,0,1,1,0,1,2,back
8,252,0,0,1,2,0,1,2,back
8,253,0,0,1,2,0,1,2,back
8,254,0,0,1,1,0,1,2,back
8,255,0,0,1,2,1,0,2,back
8,256,0,0,1,2,0,1,2,back
8,257,0,0,1,1,1,0,2,back
8,258,0,0,1,1,0,1,2,back
8,259,0,1,0,1,0,1,1,back
8,260,0,0,1,2,0,1,2,back
8,261,0,0,1,1,0,1,1,back
8,262,1,1,1,2,1,1,2,back
8,263,0,0,1,2,0,1,2,back
8,264,1,1,1,2,1,1,2,back
8,265,1,1,1,2,1,1,1,back
8,266,0,0,1,2,0,1,2,back
8,267,0,0,1,2,0,1,2,back
8,268,0,0,1,2,0,1,2,back
8,269,0,0,1,2,0,1,2,back
8,270,1,1,1,2,1,1,2,back
8,271,0,0,1,1,1,0,1,back
8,272,0,0,1,1,0,1,2,back
8,273,0,0,1,2,0,1,2,back
8,274,0,0,1,2,0,1,2,back
8,275,0,0,1,1,0,1,1,back
8,276,0,0,1,2,0,1,2,back
8,277,0,0,1,2,0,1,2,back
8,278,0,0,1,2,0,1,2,back
8,279,0,0,1,2,0,1,2,back
8,280,0,0,1,1,0,1,2,back
8,281,1,1,1,2,1,1,2,back
8,282,0,0,1,1,0,1,1,back
8,283,1,1,1,2,1,1,2,back
8,284,0,0,1,1,0,1,1,back
8,285,0,0,1,2,0,1,2,back
8,286,0,0,1,2,0,1,2,back
8,287,0,0,1,2,0,1,2,back
8,288,0,0,1,2,0,1,2,back
8,289,0,0,1,2,0,1,2,back
8,290,1,1,1,2,1,1,2,back
8,291,0,0,1,1,0,1,1,back
8,292,0,0,1,2,0,1,2,back
8,293,0,0,1,2,0,1,2,back
8,294,0,0,1,1,0,1,1,back
8,295,0,0,1,2,0,1,2,back
8,296,0,0,1,2,0,1,2,back
8,297,0,1,0,1,1,0,1,back
8,298,0,0,1,2,0,1,2,back
8,299,0,1,0,1,0,1,2,back
8,300,0,0,1,2,0,1,2,back
9,1,0,0,1,2,0,1,2,back
9,2,0,0,1,2,0,1,2,back
9,3,0,1,0,1,0,1,1,back
9,4,0,0,1,2,0,1,2,back
9,5,0,0,1,2,0,1,2,back
9,6,0,0,1,2,0,1,2,back
9,7,0,0,1,2,0,1,2,back
9,8,0,0,1,2,0,1,2,back
9,9,0,0,1,2,0,1,2,back
9,10,1,1,1,2,1,1,2,back
9,11,0,0,1,2,0,1,2,back
9,12,0,0,1,2,0,1,2,back
9,13,0,0,1,2,0,1,2,back
9,14,0,0,1,2,0,1,2,back
9,15,0,0,1,2,0,1,2,back
9,16,1,1,1,2,1,1,2,back
9,17,1,1,1,2,1,1,2,back
9,18,0,0,1,2,0,1,2,back
9,19,0,0,1,2,0,1,2,back
9,20,0,0,1,2,0,1,2,back
9,21,1,1,1,2,1,1,2,back
9,22,0,0,1,2,0,1,2,back
9,23,0,0,1,2,0,1,2,back
9,24,0,0,1,2,0,1,2,back
9,25,0,0,1,2,0,1,2,back
9,26,0,0,1,2,0,1,2,back
9,27,0,0,1,2,0,1,2,back
9,28,0,0,1,2,1,0,1,back
9,29,1,0,0,2,1,1,2,back
9,30,0,0,1,1,0,1,2,back
9,31,0,0,1,2,0,1,2,back
9,32,0,0,1,2,0,1,2,back
9,33,0,0,1,2,0,1,2,back
9,34,0,0,1,2,0,1,2,back
9,35,0,0,1,2,0,1,2,back
9,36,0,0,1,2,0,1,2,back
9,37,0,1,0,1,0,1,2,back
9,38,0,0,1,2,0,1,2,back
9,39,0,1,0,1,0,1,2,back
9,40,1,0,0,1,0,0,2,back
9,41,0,0,1,2,0,1,2,back
9,42,0,0,1,2,0,1,2,back
9,43,0,0,1,2,0,1,2,back
9,44,0,0,1,2,0,1,2,back
9,45,1,1,1,2,1,1,2,back
9,46,1,1,1,2,1,1,2,back
9,47,0,0,1,2,0,1,2,back
9,48,0,0,1,2,0,1,2,back
9,49,1,0,0,2,0,0,2,back
9,50,0,0,1,2,1,0,1,back
9,51,0,1,0,1,1,0,1,back
9,52,1,1,1,2,1,1,2,back
9,53,0,0,1,2,0,1,2,back
9,54,0,0,1,2,0,1,2,back
9,55,0,0,1,1,0,1,1,back
9,56,0,0,1,2,0,1,2,back
9,57,0,0,1,2,0,1,2,back
9,58,0,0,1,2,0,1,2,back
9,59,0,0,1,1,0,1,2,back
9,60,0,0,1,2,0,1,2,back
9,61,0,0,1,2,0,1,2,back
9,62,0,0,1,2,0,1,2,back
9,63,0,0,1,2,0,1,1,back
9,64,1,1,1,2,1,1,2,back
9,65,0,1,0,1,0,1,2,back
9,66,0,0,1,2,0,1,2,back
9,67,0,0,1,1,0,1,2,back
9,68,0,0,1,1,0,1,1,back
9,69,0,0,1,2,0,1,2,back
9,70,0,0,1,2,0,1,2,back
9,71,0,1,0,1,0,1,2,back
9,72,0,0,1,2,0,1,2,back
9,73,0,1,0,1,0,1,2,back
9,74,0,0,1,2,0,1,2,back
9,75,0,0,1,1,0,1,2,back
9,76,0,1,0,1,0,1,2,back
9,77,0,0,1,2,0,1,2,back
9,78,1,1,1,2,1,1,2,back
9,79,0,0,1,2,0,1,2,back
9,80,0,1,0,1,0,1,2,back
9,81,1,0,0,2,0,0,2,back
9,82,0,0,1,1,0,1,2,back
9,83,0,0,1,2,0,1,2,back
9,84,0,1,0,1,0,1,2,back
9,85,0,0,1,2,0,1,2,back
9,86,0,0,1,2,0,1,2,back
9,87,0,0,1,2,0,1,2,back
9,88,0,0,1,2,0,1,2,back
9,89,0,0,1,1,0,1,2,back
9,90,0,0,1,2,0,1,2,back
9,91,0,0,1,2,0,1,2,back
9,92,0,0,1,2,0,1,2,back
9,93,0,0,1,2,0,1,2,back
9,94,0,0,1,2,0,1,2,back
9,95,0,0,1,2,0,1,2,back
9,96,0,0,1,1,0,1,2,back
9,97,0,0,1,2,0,1,2,back
9,98,1,1,1,2,1,1,2,back
9,99,0,0,1,2,0,1,2,back
9,100,0,0,1,1,0,1,2,back
9,101,1,1,1,1,1,1,1,back
9,102,0,0,1,2,0,1,2,back
9,103,0,0,1,1,0,1,2,back
9,104,0,0,1,1,0,1,2,back
9,105,1,1,1,2,1,1,2,back
9,106,0,0,1,2,0,1,2,back
9,107,1,1,1,2,1,1,1,back
9,108,1,1,1,2,1,1,2,back
9,109,1,0,0,1,0,0,2,back
9,110,1,1,1,2,1,1,1,back
9,111,0,1,0,1,0,1,2,back
9,112,0,0,1,1,0,1,2,back
9,113,0,0,1,2,0,1,2,back
9,114,0,0,1,2,0,1,2,back
9,115,0,0,1,2,0,1,2,back
9,116,0,0,1,2,0,1,2,back
9,117,0,0,1,1,0,1,2,back
9,118,0,0,1,2,0,1,2,back
9,119,0,1,0,1,0,1,2,back
9,120,1,1,1,2,1,1,2,back
9,121,0,0,1,2,0,1,2,back
9,122,0,0,1,1,0,1,2,back
9,123,0,1,0,2,1,0,1,back
9,124,0,0,1,1,0,1,2,back
9,125,1,1,1,2,1,1,1,back
9,126,0,0,1,2,0,1,2,back
9,127,1,0,0,1,0,0,2,back
9,128,0,0,1,1,0,1,2,back
9,129,0,0,1,2,0,1,2,back
9,130,0,0,1,2,0,1,2,back
9,131,0,1,0,1,0,1,2,back
9,132,0,0,1,1,0,1,2,back
9,133,0,0,1,1,0,1,2,back
9,134,0,0,1,2,0,1,2,back
9,135,0,0,1,1,0,1,2,back
9,136,0,0,1,1,0,1,2,back
9,137,0,0,1,1,0,1,2,back
9,138,0,0,1,2,0,1,2,back
9,139,0,0,1,2,0,1,2,back
9,140,0,0,1,2,0,1,2,back
9,141,0,0,1,1,0,1,2,back
9,142,0,0,1,2,0,1,2,back
9,143,1,1,1,2,1,1,2,back
9,144,0,0,1,2,0,1,2,back
9,145,0,0,1,2,0,1,2,back
9,146,0,0,1,2,0,1,2,back
9,147,0,1,0,1,0,1,2,back
9,148,1,1,1,1,0,0,2,back
9,149,0,0,1,2,0,1,2,back
9,150,0,0,1,1,1,0,1,back
9,151,0,0,1,2,0,1,2,back
9,152,1,0,0,1,0,0,2,back
9,153,1,1,1,2,1,1,2,back
9,154,0,0,1,2,0,1,2,back
9,155,0,0,1,2,0,1,2,back
9,156,0,0,1,2,0,1,2,back
9,157,0,0,1,2,0,1,2,back
9,158,0,0,1,1,0,1,1,back
9,159,0,0,1,2,1,0,1,back
9,160,0,0,1,2,0,1,2,back
9,161,1,1,1,2,1,1,2,back
9,162,0,0,1,2,0,1,2,back
9,163,0,0,1,1,0,1,1,back
9,164,0,0,1,2,0,1,2,back
9,165,1,1,1,2,1,1,2,back
9,166,1,1,1,2,1,1,2,back
9,167,0,0,1,1,0,1,2,back
9,168,0,0,1,2,0,1,2,back
9,169,1,1,1,2,1,1,2,back
9,170,0,0,1,2,0,1,2,back
9,171,0,0,1,2,0,1,2,back
9,172,0,1,0,1,0,1,2,back
9,173,0,0,1,2,0,1,2,back
9,174,0,0,1,2,0,1,2,back
9,175,0,0,1,2,0,1,2,back
9,176,0,0,1,1,0,1,2,back
9,177,0,0,1,1,0,1,2,back
9,178,0,1,0,1,0,1,2,back
9,179,0,0,1,2,0,1,2,back
9,180,0,0,1,1,0,1,2,back
9,181,0,1,0,1,0,1,2,back
9,182,0,0,1,2,0,1,2,back
9,183,0,0,1,1,0,1,2,back
9,184,1,1,1,2,1,1,2,back
9,185,1,1,1,2,1,1,2,back
9,186,1,1,1,2,1,1,2,back
9,187,0,0,1,2,0,1,2,back
9,188,0,0,1,2,0,1,2,back
9,189,0,0,1,2,0,1,2,back
9,190,0,0,1,2,0,1,2,back
9,191,0,0,1,2,0,1,2,back
9,192,0,0,1,2,0,1,2,back
9,193,0,0,1,2,0,1,2,back
9,194,0,0,1,1,0,1,2,back
9,195,0,0,1,2,0,1,2,back
9,196,0,0,1,2,0,1,2,back
9,197,0,0,1,1,0,1,2,back
9,198,0,0,1,2,0,1,2,back
9,199,0,1,0,1,0,1,2,back
9,200,0,0,1,2,0,1,2,back
9,201,0,0,1,2,0,1,2,back
9,202,1,1,1,2,1,1,2,back
9,203,0,0,1,2,1,0,1,back
9,204,1,1,1,1,1,1,2,back
9,205,0,0,1,2,0,1,2,back
9,206,0,0,1,1,0,1,2,back
9,207,1,1,1,2,1,1,2,back
9,208,0,0,1,2,0,1,2,back
9,209,0,0,1,2,0,1,2,back
9,210,0,0,1,2,0,1,2,back
9,211,0,0,1,2,0,1,2,back
9,212,0,0,1,2,0,1,2,back
9,213,0,0,1,2,0,1,2,back
9,214,0,0,1,2,0,1,2,back
9,215,0,0,1,1,0,1,2,back
9,216,0,0,1,2,0,1,2,back
9,217,0,0,1,2,0,1,2,back
9,218,0,0,1,2,0,1,2,back
9,219,0,0,1,2,0,1,2,back
9,220,0,0,1,2,0,1,2,back
9,221,0,0,1,2,0,1,2,back
9,222,0,0,1,2,0,1,2,back
9,223,0,0,1,2,0,1,2,back
9,224,1,1,1,2,1,1,2,back
9,225,0,0,1,2,0,1,2,back
9,226,0,0,1,1,0,1,2,back
9,227,0,0,1,2,0,1,2,back
9,228,0,0,1,2,0,1,2,back
9,229,0,0,1,2,0,1,2,back
9,230,0,0,1,2,0,1,2,back
9,231,0,0,1,2,0,1,2,back
9,232,0,0,1,2,0,1,2,back
9,233,0,0,1,2,0,1,2,back
9,234,0,0,1,2,0,1,2,back
9,235,0,0,1,2,0,1,2,back
9,236,0,0,1,2,0,1,2,back
9,237,1,0,0,2,0,0,2,back
9,238,0,0,1,2,0,1,2,back
9,239,0,0,1,2,0,1,2,back
9,240,0,0,1,1,1,0,1,back
9,241,1,1,1,2,0,0,2,back
9,242,1,1,1,1,1,1,1,back
9,243,0,1,0,1,1,0,1,back
9,244,1,0,0,2,0,0,2,back
9,245,0,0,1,1,0,1,2,back
9,246,1,1,1,2,1,1,1,back
9,247,0,0,1,2,0,1,2,back
9,248,0,0,1,2,0,1,2,back
9,249,0,0,1,2,0,1,2,back
9,250,0,0,1,2,0,1,2,back
9,251,0,0,1,1,0,1,2,back
9,252,0,0,1,2,0,1,2,back
9,253,0,0,1,2,0,1,2,back
9,254,0,0,1,2,0,1,2,back
9,255,0,0,1,2,0,1,2,back
9,256,0,1,0,1,1,0,1,back
9,257,0,0,1,2,0,1,2,back
9,258,0,0,1,2,0,1,2,back
9,259,0,0,1,2,0,1,2,back
9,260,0,0,1,2,0,1,2,back
9,261,0,0,1,2,0,1,2,back
9,262,1,1,1,2,1,1,2,back
9,263,0,0,1,2,0,1,2,back
9,264,1,1,1,2,1,1,2,back
9,265,1,1,1,1,1,1,1,back
9,266,0,0,1,2,0,1,2,back
9,267,0,0,1,2,0,1,2,back
9,268,0,0,1,2,0,1,2,back
9,269,0,0,1,2,0,1,2,back
9,270,1,1,1,2,1,1,2,back
9,271,0,0,1,2,0,1,2,back
9,272,0,0,1,2,0,1,2,back
9,273,0,0,1,2,0,1,2,back
9,274,0,0,1,2,0,1,2,back
9,275,0,1,0,1,1,0,1,back
9,276,0,0,1,2,0,1,2,back
9,277,0,0,1,2,0,1,2,back
9,278,0,0,1,2,0,1,2,back
9,279,0,0,1,2,0,1,2,back
9,280,0,0,1,2,0,1,2,back
9,281,1,1,1,2,1,1,2,back
9,282,0,0,1,1,0,1,2,back
9,283,1,1,1,2,1,1,2,back
9,284,0,1,0,1,0,1,2,back
9,285,0,0,1,2,0,1,2,back
9,286,0,0,1,2,0,1,2,back
9,287,0,0,1,2,0,1,2,back
9,288,0,0,1,2,1,0,1,back
9,289,0,0,1,2,0,1,2,back
9,290,1,1,1,2,1,1,2,back
9,291,0,1,0,1,1,0,1,back
9,292,0,0,1,2,0,1,2,back
9,293,0,0,1,2,0,1,2,back
9,294,0,0,1,2,0,1,2,back
9,295,0,0,1,2,0,1,2,back
9,296,0,0,1,2,0,1,2,back
9,297,0,0,1,2,0,1,2,back
9,298,0,0,1,2,0,1,2,back
9,299,0,0,1,2,0,1,2,back
9,300,0,1,0,1,1,0,1,back
10,1,0,0,1,2,0,1,2,back
10,2,0,0,1,2,0,1,2,back
10,3,0,0,1,2,0,1,2,back
10,4,0,0,1,2,0,1,2,back
10,5,0,0,1,2,0,1,2,back
10,6,0,1,0,1,0,1,2,back
10,7,0,0,1,2,0,1,2,back
10,8,0,0,1,2,0,1,2,back
10,9,0,0,1,2,0,1,2,back
10,10,1,1,1,2,1,1,2,back
10,11,0,0,1,2,0,1,2,back
10,12,0,0,1,2,0,1,2,back
10,13,0,0,1,2,0,1,2,back
10,14,0,0,1,2,0,1,2,back
10,15,0,0,1,2,0,1,2,back
10,16,1,1,1,1,1,1,1,back
10,17,1,1,1,2,1,1,2,back
10,18,0,0,1,2,0,1,2,back
10,19,0,0,1,2,0,1,2,back
10,20,0,0,1,2,0,1,2,back
10,21,1,1,1,2,1,1,2,back
10,22,0,0,1,2,0,1,2,back
10,23,0,0,1,2,0,1,2,back
10,24,0,0,1,2,0,1,2,back
10,25,0,0,1,2,0,1,2,back
10,26,0,0,1,2,0,1,2,back
10,27,0,0,1,2,0,1,2,back
10,28,0,0,1,2,0,1,2,back
10,29,1,1,1,2,1,1,2,back
10,30,0,0,1,1,0,1,2,back
10,31,0,0,1,2,0,1,2,back
10,32,0,0,1,2,0,1,2,back
10,33,0,0,1,2,0,1,2,back
10,34,0,0,1,2,0,1,2,back
10,35,0,0,1,2,0,1,2,back
10,36,0,0,1,2,0,1,2,back
10,37,0,1,0,1,0,1,1,back
10,38,0,0,1,2,0,1,2,back
10,39,0,0,1,2,0,1,2,back
10,40,1,0,0,2,0,0,2,back
10,41,0,0,1,2,0,1,2,back
10,42,0,0,1,2,0,1,2,back
10,43,0,0,1,2,0,1,2,back
10,44,0,0,1,2,0,1,2,back
10,45,1,1,1,2,1,1,2,back
10,46,1,1,1,2,1,1,2,back
10,47,0,0,1,2,0,1,2,back
10,48,0,0,1,2,0,1,2,back
10,49,1,0,0,2,0,0,2,back
10,50,0,0,1,2,0,1,2,back
10,51,0,0,1,2,0,1,2,back
10,52,1,1,1,1,1,1,1,back
10,53,0,0,1,2,0,1,2,back
10,54,0,0,1,2,0,1,2,back
10,55,0,0,1,2,0,1,2,back
10,56,0,0,1,2,0,1,2,back
10,57,0,0,1,1,0,1,2,back
10,58,0,0,1,2,0,1,2,back
10,59,0,0,1,2,0,1,2,back
10,60,0,0,1,2,0,1,2,back
10,61,0,0,1,2,0,1,2,back
10,62,0,0,1,2,0,1,2,back
10,63,0,0,1,2,0,1,2,back
10,64,1,1,1,2,1,1,2,back
10,65,0,0,1,2,0,1,2,back
10,66,0,0,1,2,0,1,2,back
10,67,0,0,1,2,0,1,2,back
10,68,0,1,0,2,0,1,2,back
10,69,0,0,1,2,0,1,2,back
10,70,0,0,1,2,0,1,2,back
10,71,0,0,1,2,0,1,2,back
10,72,0,0,1,2,0,1,2,back
10,73,0,0,1,2,0,1,2,back
10,74,0,0,1,2,0,1,2,back
10,75,0,0,1,2,0,1,2,back
10,76,0,0,1,2,0,1,2,back
10,77,0,0,1,2,0,1,2,back
10,78,1,1,1,2,1,1,2,back
10,79,0,0,1,2,0,1,2,back
10,80,0,0,1,2,0,1,2,back
10,81,1,0,0,2,0,0,2,back
10,82,0,0,1,2,0,1,2,back
10,83,0,0,1,2,0,1,2,back
10,84,0,0,1,2,0,1,2,back
10,85,0,0,1,2,0,1,2,back
10,86,0,0,1,2,0,1,2,back
10,87,0,0,1,2,0,1,2,back
10,88,0,0,1,2,0,1,2,back
10,89,0,1,0,2,1,0,2,back
10,90,0,0,1,2,0,1,2,back
10,91,0,0,1,2,0,1,2,back
10,92,0,0,1,2,0,1,2,back
10,93,0,0,1,2,0,1,2,back
10,94,0,0,1,2,0,1,2,back
10,95,0,0,1,2,0,1,2,back
10,96,0,0,1,2,0,1,2,back
10,97,0,1,0,1,0,1,2,back
10,98,1,1,1,2,1,1,2,back
10,99,0,0,1,2,0,1,2,back
10,100,0,0,1,2,0,1,2,back
10,101,1,1,1,2,1,1,2,back
10,102,0,0,1,2,0,1,2,back
10,103,0,0,1,2,0,1,2,back
10,104,0,0,1,2,0,1,2,back
10,105,1,1,1,2,1,1,2,back
10,106,0,0,1,2,0,1,2,back
10,107,1,1,1,2,1,1,1,back
10,108,1,1,1,2,1,1,2,back
10,109,1,1,1,1,1,1,2,back
10,110,1,1,1,2,1,1,2,back
10,111,0,1,0,1,1,0,1,back
10,112,0,0,1,2,0,1,2,back
10,113,0,0,1,2,0,1,2,back
10,114,0,0,1,2,0,1,2,back
10,115,0,0,1,2,0,1,2,back
10,116,0,0,1,2,0,1,2,back
10,117,0,0,1,2,0,1,2,back
10,118,0,0,1,2,0,1,2,back
10,119,0,0,1,2,1,0,1,back
10,120,1,1,1,2,1,1,2,back
10,121,0,1,0,1,0,1,2,back
10,122,0,0,1,2,0,1,2,back
10,123,0,0,1,2,0,1,2,back
10,124,0,0,1,2,0,1,2,back
10,125,1,1,1,1,1,1,1,back
10,126,0,0,1,2,0,1,2,back
10,127,1,1,1,2,1,1,2,back
10,128,0,0,1,2,0,1,2,back
10,129,0,0,1,2,0,1,2,back
10,130,0,0,1,2,0,1,2,back
10,131,0,0,1,2,0,1,2,back
10,132,0,0,1,2,0,1,2,back
10,133,0,0,1,2,0,1,2,back
10,134,0,0,1,2,0,1,2,back
10,135,0,1,0,1,1,0,1,back
10,136,0,0,1,2,0,1,2,back
10,137,0,0,1,2,0,1,2,back
10,138,0,0,1,2,0,1,2,back
10,139,0,0,1,2,0,1,2,back
10,140,0,0,1,2,0,1,2,back
10,141,0,0,1,2,0,1,2,back
10,142,0,1,0,1,0,1,2,back
10,143,1,1,1,2,1,1,2,back
10,144,0,0,1,2,0,1,2,back
10,145,0,0,1,2,0,1,2,back
10,146,0,0,1,2,0,1,2,back
10,147,0,0,1,2,0,1,2,back
10,148,1,0,0,2,0,0,2,back
10,149,0,0,1,2,0,1,2,back
10,150,0,0,1,2,0,1,2,back
10,151,0,0,1,2,0,1,2,back
10,152,1,1,1,1,0,0,2,back
10,153,1,1,1,2,1,1,2,back
10,154,0,0,1,2,0,1,2,back
10,155,0,0,1,2,0,1,2,back
10,156,0,0,1,2,0,1,2,back
10,157,0,0,1,2,0,1,2,back
10,158,0,0,1,2,0,1,2,back
10,159,0,1,0,1,0,1,1,back
10,160,0,0,1,2,0,1,2,back
10,161,1,1,1,2,1,1,2,back
10,162,0,0,1,2,0,1,2,back
10,163,0,0,1,2,0,1,2,back
10,164,0,0,1,2,0,1,2,back
10,165,1,1,1,2,1,1,2,back
10,166,1,1,1,2,1,1,2,back
10,167,0,1,0,1,0,1,2,back
10,168,0,0,1,2,0,1,2,back
10,169,1,1,1,2,1,1,2,back
10,170,0,0,1,2,0,1,2,back
10,171,0,0,1,2,0,1,2,back
10,172,0,0,1,2,0,1,2,back
10,173,0,0,1,2,0,1,2,back
10,174,0,1,0,1,0,1,2,back
10,175,0,0,1,2,0,1,2,back
10,176,0,0,1,1,0,1,2,back
10,177,0,0,1,2,0,1,2,back
10,178,0,0,1,2,0,1,2,back
10,179,0,0,1,2,0,1,2,back
10,180,0,0,1,2,0,1,2,back
10,181,0,0,1,2,0,1,2,back
10,182,0,0,1,2,0,1,2,back
10,183,0,0,1,2,0,1,2,back
10,184,1,1,1,2,1,1,2,back
10,185,1,1,1,2,1,1,2,back
10,186,1,1,1,2,1,1,2,back
10,187,0,0,1,2,0,1,2,back
10,188,0,0,1,2,0,1,2,back
10,189,0,0,1,2,0,1,2,back
10,190,0,0,1,2,0,1,2,back
10,191,0,1,0,1,0,1,2,back
10,192,0,0,1,2,0,1,2,back
10,193,0,0,1,2,0,1,2,back
10,194,0,0,1,2,0,1,2,back
10,195,0,0,1,2,0,1,2,back
10,196,0,0,1,2,0,1,2,back
10,197,0,0,1,2,0,1,2,back
10,198,0,0,1,2,0,1,2,back
10,199,0,0,1,2,0,1,2,back
10,200,0,0,1,2,0,1,2,back
10,201,0,0,1,2,0,1,2,back
10,202,1,1,1,2,1,1,2,back
10,203,0,0,1,2,0,1,2,back
10,204,1,1,1,1,1,1,1,back
10,205,0,0,1,2,0,1,2,back
10,206,0,0,1,2,0,1,2,back
10,207,1,1,1,2,1,1,2,back
10,208,0,0,1,2,0,1,2,back
10,209,0,0,1,2,0,1,2,back
10,210,0,0,1,2,0,1,2,back
10,211,0,0,1,2,0,1,2,back
10,212,0,0,1,2,0,1,2,back
10,213,0,0,1,2,0,1,2,back
10,214,0,0,1,2,0,1,2,back
10,215,0,0,1,2,0,1,2,back
10,216,0,0,1,2,0,1,2,back
10,217,0,0,1,2,0,1,2,back
10,218,0,0,1,2,0,1,2,back
10,219,0,0,1,2,0,1,2,back
10,220,0,0,1,2,0,1,2,back
10,221,0,0,1,2,0,1,2,back
10,222,0,0,1,2,0,1,2,back
10,223,0,0,1,2,0,1,2,back
10,224,1,1,1,2,1,1,2,back
10,225,0,0,1,2,0,1,2,back
10,226,0,0,1,2,0,1,2,back
10,227,0,0,1,2,0,1,2,back
10,228,0,0,1,2,0,1,2,back
10,229,0,0,1,2,0,1,2,back
10,230,0,0,1,2,0,1,2,back
10,231,0,0,1,2,0,1,2,back
10,232,0,0,1,2,0,1,2,back
10,233,0,0,1,2,0,1,2,back
10,234,0,0,1,2,0,1,2,back
10,235,0,0,1,2,0,1,2,back
10,236,0,0,1,2,0,1,2,back
10,237,1,0,0,2,0,0,2,back
10,238,0,0,1,2,0,1,2,back
10,239,0,0,1,2,0,1,2,back
10,240,0,0,1,2,0,1,2,back
10,241,1,0,0,2,1,1,1,back
10,242,1,0,0,2,1,1,2,back
10,243,0,0,1,2,0,1,2,back
10,244,1,1,1,1,0,0,2,back
10,245,0,0,1,2,0,1,2,back
10,246,1,1,1,1,1,1,1,back
10,247,0,0,1,2,0,1,2,back
10,248,0,0,1,2,0,1,2,back
10,249,0,0,1,2,0,1,2,back
10,250,0,0,1,2,0,1,2,back
10,251,0,0,1,2,0,1,2,back
10,252,0,0,1,2,0,1,2,back
10,253,0,0,1,2,0,1,2,back
10,254,0,0,1,2,0,1,2,back
10,255,0,0,1,2,0,1,2,back
10,256,0,1,0,1,1,0,1,back
10,257,0,0,1,2,0,1,2,back
10,258,0,0,1,2,0,1,2,back
10,259,0,0,1,2,0,1,2,back
10,260,0,0,1,2,0,1,2,back
10,261,0,0,1,2,0,1,2,back
10,262,1,1,1,2,1,1,2,back
10,263,0,0,1,2,0,1,2,back
10,264,1,1,1,2,1,1,2,back
10,265,1,0,0,2,0,0,2,back
10,266,0,0,1,2,0,1,2,back
10,267,0,0,1,2,0,1,2,back
10,268,0,0,1,2,0,1,2,back
10,269,0,0,1,2,0,1,2,back
10,270,1,1,1,2,1,1,2,back
10,271,0,0,1,2,0,1,2,back
10,272,0,0,1,2,0,1,2,back
10,273,0,0,1,2,0,1,2,back
10,274,0,0,1,2,0,1,2,back
10,275,0,0,1,2,0,1,2,back
10,276,0,0,1,2,0,1,2,back
10,277,0,0,1,2,0,1,2,back
10,278,0,0,1,2,0,1,2,back
10,279,0,0,1,2,0,1,2,back
10,280,0,0,1,2,0,1,2,back
10,281,1,1,1,2,1,1,2,back
10,282,0,0,1,2,0,1,2,back
10,283,1,1,1,2,1,1,2,back
10,284,0,0,1,1,0,1,2,back
10,285,0,0,1,2,0,1,2,back
10,286,0,0,1,2,0,1,2,back
10,287,0,0,1,2,0,1,2,back
10,288,0,0,1,2,0,1,2,back
10,289,0,0,1,2,0,1,2,back
10,290,1,1,1,2,1,1,2,back
10,291,0,0,1,2,0,1,2,back
10,292,0,1,0,1,0,1,2,back
10,293,0,0,1,2,0,1,2,back
10,294,0,0,1,2,0,1,2,back
10,295,0,0,1,2,0,1,2,back
10,296,0,0,1,2,0,1,2,back
10,297,0,0,1,2,0,1,2,back
10,298,0,0,1,2,0,1,2,back
10,299,0,0,1,2,0,1,2,back
10,300,0,1,0,1,0,1,2,back
11,1,0,0,1,1,0,1,2,back
11,2,0,1,0,2,1,0,1,back
11,3,0,1,0,2,0,1,1,back
11,4,0,0,1,1,0,1,2,back
11,5,0,0,1,1,0,1,2,back
11,6,0,0,1,1,0,1,2,back
11,7,0,1,0,1,0,1,2,back
11,8,0,1,0,2,0,1,2,back
11,9,0,0,1,2,0,1,2,back
11,10,1,1,1,2,1,1,2,back
11,11,0,0,1,1,0,1,2,back
11,12,0,0,1,2,0,1,1,back
11,13,0,0,1,1,0,1,1,back
11,14,0,0,1,1,0,1,1,back
11,15,0,0,1,1,0,1,1,back
11,16,1,1,1,2,1,1,2,back
11,17,1,1,1,1,1,1,2,back
11,18,0,0,1,1,0,1,2,back
11,19,0,0,1,1,0,1,1,back
11,20,0,0,1,1,0,1,1,back
11,21,1,1,1,2,1,1,2,back
11,22,0,0,1,1,0,1,2,back
11,23,0,0,1,1,0,1,1,back
11,24,0,0,1,1,0,1,1,back
11,25,0,0,1,2,0,1,2,back
11,26,0,0,1,1,0,1,1,back
11,27,0,0,1,1,0,1,2,back
11,28,0,0,1,1,0,1,2,back
11,29,1,0,0,1,1,1,2,back
11,30,0,1,0,1,0,1,1,back
11,31,0,0,1,1,0,1,1,back
11,32,0,0,1,1,0,1,2,back
11,33,0,0,1,2,0,1,2,back
11,34,0,0,1,1,0,1,2,back
11,35,0,0,1,1,0,1,1,back
11,36,0,0,1,2,0,1,2,back
11,37,0,0,1,1,0,1,1,back
11,38,0,0,1,1,0,1,2,back
11,39,0,0,1,2,0,1,2,back
11,40,1,0,0,1,0,0,1,back
11,41,0,0,1,1,0,1,2,back
11,42,0,0,1,1,0,1,2,back
11,43,0,0,1,2,0,1,2,back
11,44,0,0,1,1,0,1,2,back
11,45,1,1,1,2,1,1,2,back
11,46,1,1,1,2,1,1,2,back
11,47,0,0,1,2,0,1,2,back
11,48,0,0,1,2,0,1,2,back
11,49,1,0,0,1,0,0,2,back
11,50,0,0,1,1,0,1,1,back
11,51,0,1,0,1,0,1,2,back
11,52,1,1,1,2,0,0,1,back
11,53,0,0,1,1,0,1,2,back
11,54,0,0,1,2,0,1,2,back
11,55,0,0,1,1,0,1,2,back
11,56,0,0,1,1,0,1,2,back
11,57,0,0,1,1,0,1,2,back
11,58,0,0,1,2,0,1,2,back
11,59,0,0,1,1,0,1,2,back
11,60,0,0,1,1,0,1,2,back
11,61,0,0,1,1,0,1,2,back
11,62,0,1,0,1,0,1,1,back
11,63,0,0,1,1,0,1,2,back
11,64,1,1,1,1,1,1,1,back
11,65,0,0,1,1,0,1,2,back
11,66,0,0,1,1,0,1,2,back
11,67,0,0,1,1,0,1,2,back
11,68,0,0,1,1,0,1,1,back
11,69,0,0,1,1,0,1,2,back
11,70,0,0,1,1,0,1,2,back
11,71,0,0,1,1,0,1,2,back
11,72,0,0,1,2,0,1,2,back
11,73,0,1,0,1,0,1,2,back
11,74,0,0,1,1,0,1,2,back
11,75,0,0,1,1,0,1,2,back
11,76,0,0,1,1,0,1,2,back
11,77,0,0,1,2,0,1,2,back
11,78,1,1,1,1,0,0,2,back
11,79,0,0,1,1,0,1,2,back
11,80,0,0,1,1,0,1,2,back
11,81,1,1,1,1,1,1,1,back
11,82,0,0,1,2,0,1,2,back
11,83,0,0,1,1,0,1,2,back
11,84,0,1,0,1,0,1,1,back
11,85,0,0,1,2,0,1,2,back
11,86,0,0,1,2,0,1,2,back
11,87,0,1,0,1,0,1,1,back
11,88,0,0,1,2,0,1,2,back
11,89,0,0,1,1,0,1,1,back
11,90,0,0,1,1,0,1,2,back
11,91,0,0,1,1,0,1,2,back
11,92,0,0,1,2,0,1,2,back
11,93,0,0,1,1,0,1,1,back
11,94,0,0,1,1,0,1,1,back
11,95,0,0,1,2,0,1,2,back
11,96,0,0,1,1,0,1,1,back
11,97,0,0,1,1,0,1,1,back
11,98,1,1,1,2,1,1,2,back
11,99,0,0,1,2,0,1,2,back
11,100,0,0,1,1,0,1,1,back
11,101,1,0,0,1,0,0,1,back
11,102,0,0,1,1,0,1,2,back
11,103,0,0,1,1,0,1,2,back
11,104,0,0,1,2,0,1,1,back
11,105,1,1,1,2,1,1,2,back
11,106,0,0,1,2,0,1,2,back
11,107,1,0,0,1,0,0,1,back
11,108,1,1,1,2,1,1,2,back
11,109,1,0,0,1,0,0,1,back
11,110,1,1,1,1,0,0,2,back
11,111,0,0,1,2,0,1,2,back
11,112,0,0,1,1,0,1,2,back
11,113,0,0,1,1,0,1,2,back
11,114,0,0,1,1,0,1,2,back
11,115,0,0,1,2,0,1,2,back
11,116,0,0,1,2,0,1,2,back
11,117,0,0,1,2,0,1,2,back
11,118,0,0,1,1,0,1,1,back
11,119,0,0,1,1,0,1,2,back
11,120,1,1,1,2,1,1,2,back
11,121,0,0,1,2,0,1,2,back
11,122,0,0,1,1,0,1,1,back
11,123,0,0,1,1,0,1,2,back
11,124,0,0,1,1,0,1,2,back
11,125,1,1,1,2,1,1,2,back
11,126,0,0,1,1,0,1,2,back
11,127,1,1,1,2,1,1,2,back
11,128,0,0,1,1,0,1,2,back
11,129,0,0,1,2,0,1,2,back
11,130,0,0,1,2,0,1,2,back
11,131,0,0,1,1,0,1,2,back
11,132,0,0,1,1,0,1,2,back
11,133,0,0,1,1,0,1,2,back
11,134,0,0,1,1,0,1,1,back
11,135,0,0,1,1,0,1,2,back
11,136,0,0,1,1,0,1,2,back
11,137,0,0,1,1,0,1,2,back
11,138,0,1,0,1,0,1,1,back
11,139,0,0,1,2,0,1,2,back
11,140,0,0,1,1,0,1,2,back
11,141,0,0,1,1,0,1,1,back
11,142,0,0,1,1,0,1,2,back
11,143,1,1,1,2,1,1,2,back
11,144,0,0,1,1,0,1,2,back
11,145,0,0,1,2,0,1,2,back
11,146,0,0,1,2,0,1,2,back
11,147,0,0,1,1,0,1,2,back
11,148,1,1,1,2,1,1,2,back
11,149,0,0,1,1,0,1,2,back
11,150,0,1,0,1,1,0,1,back
11,151,0,0,1,2,0,1,2,back
11,152,1,0,0,1,0,0,2,back
11,153,1,1,1,2,1,1,2,back
11,154,0,0,1,1,0,1,2,back
11,155,0,0,1,2,0,1,2,back
11,156,0,0,1,2,0,1,2,back
11,157,0,0,1,2,0,1,2,back
11,158,0,0,1,1,0,1,1,back
11,159,0,0,1,1,1,0,1,back
11,160,0,0,1,1,0,1,2,back
11,161,1,1,1,2,1,1,2,back
11,162,0,0,1,2,0,1,2,back
11,163,0,0,1,1,0,1,2,back
11,164,0,0,1,1,0,1,1,back
11,165,1,1,1,1,0,0,1,back
11,166,1,1,1,2,1,1,2,back
11,167,0,0,1,1,0,1,2,back
11,168,0,0,1,2,0,1,2,back
11,169,1,1,1,2,1,1,2,back
11,170,0,0,1,2,0,1,2,back
11,171,0,0,1,1,0,1,2,back
11,172,0,0,1,2,0,1,2,back
11,173,0,0,1,2,0,1,2,back
11,174,0,0,1,2,0,1,2,back
11,175,0,0,1,1,0,1,1,back
11,176,0,0,1,1,0,1,1,back
11,177,0,0,1,2,0,1,2,back
11,178,0,1,0,1,0,1,2,back
11,179,0,0,1,2,0,1,2,back
11,180,0,0,1,1,0,1,2,back
11,181,0,1,0,1,0,1,1,back
11,182,0,0,1,2,0,1,2,back
11,183,0,0,1,1,0,1,1,back
11,184,1,1,1,2,1,1,2,back
11,185,1,1,1,2,1,1,2,back
11,186,1,1,1,1,0,0,1,back
11,187,0,0,1,2,0,1,2,back
11,188,0,0,1,1,0,1,2,back
11,189,0,0,1,2,0,1,2,back
11,190,0,0,1,2,0,1,2,back
11,191,0,0,1,2,0,1,2,back
11,192,0,0,1,2,0,1,2,back
11,193,0,0,1,2,0,1,2,back
11,194,0,0,1,1,0,1,2,back
11,195,0,0,1,1,0,1,2,back
11,196,0,0,1,1,0,1,2,back
11,197,0,0,1,1,0,1,1,back
11,198,0,0,1,1,0,1,2,back
11,199,0,0,1,2,0,1,2,back
11,200,0,0,1,2,0,1,2,back
11,201,0,0,1,2,0,1,2,back
11,202,1,1,1,2,1,1,2,back
11,203,0,0,1,1,0,1,2,back
11,204,1,1,1,2,1,1,2,back
11,205,0,0,1,1,0,1,2,back
11,206,0,0,1,1,0,1,1,back
11,207,1,1,1,2,1,1,2,back
11,208,0,0,1,2,0,1,2,back
11,209,0,0,1,2,0,1,2,back
11,210,0,0,1,2,0,1,2,back
11,211,0,0,1,1,0,1,2,back
11,212,0,0,1,1,0,1,2,back
11,213,0,0,1,2,0,1,2,back
11,214,0,0,1,1,0,1,2,back
11,215,0,0,1,1,0,1,1,back
11,216,0,0,1,1,0,1,2,back
11,217,0,0,1,2,0,1,2,back
11,218,0,0,1,1,0,1,2,back
11,219,0,0,1,2,0,1,2,back
11,220,0,0,1,1,0,1,2,back
11,221,0,0,1,2,0,1,2,back
11,222,0,0,1,2,0,1,2,back
11,223,0,0,1,1,0,1,2,back
11,224,1,1,1,2,1,1,2,back
11,225,0,1,0,1,0,1,2,back
11,226,0,0,1,1,0,1,2,back
11,227,0,0,1,1,0,1,2,back
11,228,0,0,1,1,0,1,2,back
11,229,0,0,1,1,0,1,1,back
11,230,0,0,1,1,0,1,2,back
11,231,0,0,1,2,0,1,2,back
11,232,0,0,1,1,0,1,2,back
11,233,0,0,1,1,0,1,2,back
11,234,0,0,1,1,0,1,2,back
11,235,0,0,1,2,0,1,2,back
11,236,0,0,1,1,0,1,2,back
11,237,1,1,1,2,0,0,2,back
11,238,0,1,0,1,0,1,2,back
11,239,0,0,1,2,0,1,2,back
11,240,0,0,1,1,0,1,2,back
11,241,1,0,0,1,0,0,1,back
11,242,1,1,1,1,0,0,1,back
11,243,0,0,1,1,1,0,2,back
11,244,1,0,0,2,0,0,1,back
11,245,0,0,1,1,0,1,2,back
11,246,1,0,0,2,0,0,2,back
11,247,0,0,1,1,0,1,2,back
11,248,0,0,1,2,0,1,2,back
11,249,0,0,1,1,0,1,2,back
11,250,0,0,1,1,0,1,2,back
11,251,0,0,1,1,0,1,2,back
11,252,0,0,1,2,0,1,2,back
11,253,0,0,1,2,0,1,1,back
11,254,0,0,1,2,0,1,2,back
11,255,0,0,1,1,0,1,2,back
11,256,0,1,0,2,1,0,2,back
11,257,0,0,1,1,0,1,2,back
11,258,0,0,1,2,1,0,1,back
11,259,0,0,1,2,0,1,2,back
11,260,0,0,1,2,0,1,2,back
11,261,0,0,1,1,0,1,2,back
11,262,1,1,1,1,1,1,2,back
11,263,0,0,1,2,0,1,2,back
11,264,1,1,1,2,1,1,2,back
11,265,1,0,0,1,0,0,2,back
11,266,0,0,1,2,0,1,2,back
11,267,0,0,1,2,0,1,2,back
11,268,0,0,1,2,0,1,2,back
11,269,0,0,1,2,0,1,2,back
11,270,1,1,1,2,1,1,2,back
11,271,0,0,1,1,0,1,2,back
11,272,0,0,1,1,0,1,2,back
11,273,0,0,1,2,0,1,2,back
11,274,0,0,1,2,0,1,2,back
11,275,0,0,1,1,0,1,2,back
11,276,0,0,1,2,0,1,2,back
11,277,0,0,1,1,0,1,2,back
11,278,0,0,1,1,0,1,2,back
11,279,0,0,1,2,0,1,2,back
11,280,0,0,1,2,0,1,2,back
11,281,1,1,1,2,1,1,2,back
11,282,0,0,1,1,0,1,2,back
11,283,1,1,1,2,1,1,2,back
11,284,0,0,1,2,0,1,2,back
11,285,0,0,1,1,0,1,2,back
11,286,0,0,1,1,0,1,2,back
11,287,0,0,1,1,0,1,2,back
11,288,0,0,1,1,0,1,2,back
11,289,0,0,1,1,0,1,2,back
11,290,1,1,1,2,1,1,2,back
11,291,0,0,1,1,0,1,2,back
11,292,0,0,1,1,0,1,2,back
11,293,0,0,1,2,0,1,2,back
11,294,0,0,1,2,0,1,2,back
11,295,0,0,1,2,0,1,2,back
11,296,0,0,1,1,0,1,2,back
11,297,0,0,1,1,1,0,1,back
11,298,0,0,1,2,1,0,1,back
11,299,0,0,1,2,0,1,2,back
11,300,0,1,0,1,1,0,1,back
12,1,0,0,1,2,0,1,2,back
12,2,0,0,1,2,0,1,2,back
12,3,0,0,1,2,0,1,2,back
12,4,0,0,1,2,0,1,2,back
12,5,0,0,1,2,0,1,2,back
12,6,0,0,1,2,0,1,2,back
12,7,0,0,1,2,0,1,2,back
12,8,0,0,1,2,0,1,2,back
12,9,0,0,1,2,0,1,2,back
12,10,1,1,1,2,1,1,2,back
12,11,0,0,1,2,0,1,2,back
12,12,0,0,1,2,0,1,2,back
12,13,0,0,1,2,0,1,2,back
12,14,0,0,1,2,0,1,2,back
12,15,0,0,1,2,0,1,2,back
12,16,1,1,1,2,1,1,2,back
12,17,1,1,1,2,1,1,2,back
12,18,0,0,1,2,0,1,2,back
12,19,0,0,1,2,0,1,2,back
12,20,0,0,1,2,0,1,2,back
12,21,1,1,1,2,1,1,2,back
12,22,0,0,1,2,0,1,2,back
12,23,0,0,1,2,0,1,2,back
12,24,0,0,1,2,0,1,2,back
12,25,0,0,1,2,0,1,2,back
12,26,0,0,1,2,0,1,2,back
12,27,0,0,1,2,0,1,2,back
12,28,0,0,1,2,0,1,2,back
12,29,1,1,1,2,1,1,2,back
12,30,0,0,1,2,0,1,2,back
12,31,0,0,1,2,0,1,2,back
12,32,0,0,1,2,0,1,2,back
12,33,0,0,1,2,0,1,2,back
12,34,0,0,1,2,0,1,2,back
12,35,0,0,1,2,0,1,2,back
12,36,0,0,1,2,0,1,2,back
12,37,0,0,1,2,0,1,2,back
12,38,0,0,1,2,0,1,2,back
12,39,0,0,1,2,0,1,2,back
12,40,1,0,0,2,0,0,2,back
12,41,0,0,1,2,0,1,2,back
12,42,0,0,1,2,0,1,2,back
12,43,0,0,1,2,0,1,2,back
12,44,0,0,1,2,0,1,2,back
12,45,1,1,1,2,1,1,2,back
12,46,1,1,1,2,1,1,2,back
12,47,0,0,1,2,0,1,2,back
12,48,0,0,1,2,0,1,2,back
12,49,1,0,0,2,0,0,2,back
12,50,0,0,1,2,0,1,2,back
12,51,0,0,1,2,1,0,1,back
12,52,1,1,1,2,1,1,2,back
12,53,0,0,1,2,0,1,2,back
12,54,0,0,1,2,0,1,2,back
12,55,0,0,1,2,0,1,2,back
12,56,0,0,1,2,0,1,2,back
12,57,0,0,1,2,0,1,2,back
12,58,0,0,1,2,0,1,2,back
12,59,0,0,1,2,0,1,2,back
12,60,0,0,1,2,0,1,2,back
12,61,0,0,1,2,0,1,2,back
12,62,0,0,1,2,0,1,2,back
12,63,0,0,1,2,0,1,2,back
12,64,1,1,1,2,1,1,2,back
12,65,0,0,1,2,0,1,2,back
12,66,0,0,1,2,0,1,2,back
12,67,0,0,1,2,0,1,2,back
12,68,0,0,1,2,0,1,2,back
12,69,0,0,1,2,0,1,2,back
12,70,0,0,1,2,0,1,2,back
12,71,0,0,1,2,0,1,2,back
12,72,0,0,1,2,0,1,2,back
12,73,0,0,1,2,0,1,2,back
12,74,0,0,1,2,0,1,2,back
12,75,0,0,1,2,0,1,2,back
12,76,0,0,1,2,0,1,2,back
12,77,0,0,1,2,0,1,2,back
12,78,1,1,1,2,1,1,2,back
12,79,0,0,1,2,0,1,2,back
12,80,0,0,1,2,0,1,2,back
12,81,1,1,1,2,1,1,1,back
12,82,0,0,1,2,0,1,2,back
12,83,0,0,1,2,0,1,2,back
12,84,0,0,1,2,0,1,2,back
12,85,0,0,1,2,0,1,2,back
12,86,0,0,1,2,0,1,2,back
12,87,0,0,1,2,0,1,2,back
12,88,0,0,1,2,0,1,2,back
12,89,0,1,0,2,0,1,1,back
12,90,0,0,1,2,0,1,2,back
12,91,0,0,1,2,0,1,2,back
12,92,0,0,1,2,0,1,2,back
12,93,0,0,1,2,0,1,2,back
12,94,0,0,1,2,0,1,2,back
12,95,0,0,1,2,0,1,2,back
12,96,0,0,1,2,0,1,2,back
12,97,0,0,1,2,0,1,2,back
12,98,1,1,1,2,1,1,2,back
12,99,0,0,1,2,0,1,2,back
12,100,0,0,1,2,0,1,2,back
12,101,1,1,1,2,0,0,2,back
12,102,0,0,1,2,0,1,2,back
12,103,0,0,1,2,0,1,2,back
12,104,0,0,1,2,0,1,2,back
12,105,1,1,1,2,1,1,2,back
12,106,0,0,1,2,0,1,2,back
12,107,1,1,1,1,0,0,1,back
12,108,1,1,1,2,1,1,2,back
12,109,1,1,1,2,1,1,1,back
12,110,1,1,1,2,1,1,1,back
12,111,0,0,1,2,0,1,2,back
12,112,0,0,1,2,0,1,2,back
12,113,0,0,1,2,0,1,2,back
12,114,0,0,1,2,0,1,2,back
12,115,0,0,1,2,0,1,2,back
12,116,0,0,1,2,0,1,2,back
12,117,0,0,1,2,0,1,2,back
12,118,0,0,1,2,0,1,2,back
12,119,0,0,1,2,1,0,1,back
12,120,1,1,1,2,1,1,2,back
12,121,0,0,1,2,0,1,2,back
12,122,0,0,1,2,0,1,2,back
12,123,0,0,1,2,1,0,1,back
12,124,0,0,1,2,0,1,2,back
12,125,1,1,1,1,1,1,1,back
12,126,0,0,1,2,0,1,2,back
12,127,1,1,1,2,0,0,2,back
12,128,0,0,1,2,0,1,2,back
12,129,0,0,1,2,0,1,2,back
12,130,0,0,1,2,0,1,2,back
12,131,0,0,1,2,0,1,2,back
12,132,0,0,1,2,0,1,2,back
12,133,0,0,1,2,0,1,2,back
12,134,0,0,1,2,0,1,2,back
12,135,0,0,1,2,0,1,2,back
12,136,0,0,1,2,0,1,2,back
12,137,0,0,1,2,0,1,2,back
12,138,0,0,1,2,0,1,2,back
12,139,0,0,1,2,0,1,2,back
12,140,0,0,1,2,0,1,2,back
12,141,0,0,1,2,0,1,2,back
12,142,0,0,1,2,0,1,2,back
12,143,1,1,1,2,1,1,2,back
12,144,0,0,1,2,0,1,2,back
12,145,0,0,1,2,0,1,2,back
12,146,0,0,1,2,0,1,2,back
12,147,0,0,1,2,0,1,2,back
12,148,1,0,0,2,0,0,2,back
12,149,0,0,1,2,0,1,2,back
12,150,0,0,1,2,0,1,2,back
12,151,0,0,1,2,0,1,2,back
12,152,1,0,0,2,1,1,1,back
12,153,1,1,1,2,1,1,2,back
12,154,0,0,1,2,0,1,2,back
12,155,0,0,1,2,0,1,2,back
12,156,0,0,1,2,0,1,2,back
12,157,0,0,1,2,0,1,2,back
12,158,0,0,1,2,0,1,2,back
12,159,0,0,1,2,0,1,2,back
12,160,0,0,1,2,0,1,2,back
12,161,1,1,1,2,1,1,2,back
12,162,0,0,1,2,0,1,2,back
12,163,0,0,1,2,0,1,2,back
12,164,0,0,1,2,0,1,2,back
12,165,1,1,1,2,1,1,2,back
12,166,1,1,1,2,1,1,2,back
12,167,0,0,1,2,0,1,2,back
12,168,0,0,1,2,0,1,2,back
12,169,1,1,1,2,1,1,2,back
12,170,0,0,1,2,0,1,2,back
12,171,0,0,1,2,0,1,2,back
12,172,0,0,1,2,0,1,2,back
12,173,0,0,1,2,0,1,2,back
12,174,0,0,1,2,0,1,1,back
12,175,0,0,1,2,0,1,2,back
12,176,0,0,1,2,0,1,2,back
12,177,0,0,1,2,0,1,2,back
12,178,0,1,0,2,0,1,2,back
12,179,0,0,1,2,0,1,2,back
12,180,0,0,1,2,0,1,2,back
12,181,0,0,1,2,0,1,2,back
12,182,0,0,1,2,0,1,2,back
12,183,0,0,1,2,0,1,2,back
12,184,1,1,1,2,1,1,2,back
12,185,1,1,1,2,1,1,2,back
12,186,1,1,1,2,1,1,2,back
12,187,0,0,1,2,0,1,2,back
12,188,0,0,1,2,0,1,2,back
12,189,0,0,1,2,0,1,2,back
12,190,0,0,1,2,0,1,2,back
12,191,0,0,1,2,0,1,2,back
12,192,0,0,1,2,0,1,2,back
12,193,0,0,1,2,0,1,2,back
12,194,0,0,1,2,0,1,2,back
12,195,0,0,1,2,0,1,2,back
12,196,0,0,1,2,0,1,2,back
12,197,0,0,1,2,0,1,2,back
12,198,0,0,1,2,0,1,2,back
12,199,0,0,1,2,0,1,2,back
12,200,0,0,1,2,0,1,2,back
12,201,0,0,1,2,0,1,2,back
12,202,1,1,1,2,1,1,2,back
12,203,0,0,1,2,0,1,2,back
12,204,1,1,1,2,1,1,2,back
12,205,0,0,1,2,0,1,2,back
12,206,0,0,1,2,1,0,2,back
12,207,1,1,1,2,1,1,2,back
12,208,0,0,1,2,0,1,2,back
12,209,0,0,1,2,0,1,2,back
12,210,0,0,1,2,0,1,2,back
12,211,0,0,1,2,0,1,2,back
12,212,0,0,1,2,0,1,2,back
12,213,0,0,1,2,0,1,2,back
12,214,0,0,1,2,0,1,2,back
12,215,0,0,1,2,0,1,2,back
12,216,0,0,1,2,0,1,2,back
12,217,0,0,1,2,0,1,2,back
12,218,0,0,1,2,0,1,2,back
12,219,0,0,1,2,0,1,2,back
12,220,0,0,1,2,0,1,2,back
12,221,0,0,1,2,0,1,2,back
12,222,0,0,1,2,0,1,2,back
12,223,0,0,1,2,0,1,2,back
12,224,1,1,1,2,1,1,2,back
12,225,0,0,1,2,0,1,2,back
12,226,0,0,1,2,0,1,2,back
12,227,0,0,1,2,0,1,2,back
12,228,0,0,1,2,0,1,2,back
12,229,0,0,1,2,0,1,2,back
12,230,0,0,1,2,0,1,2,back
12,231,0,0,1,2,0,1,2,back
12,232,0,0,1,2,0,1,2,back
12,233,0,0,1,2,0,1,2,back
12,234,0,0,1,2,0,1,2,back
12,235,0,0,1,2,0,1,2,back
12,236,0,0,1,2,0,1,2,back
12,237,1,0,0,2,0,0,2,back
12,238,0,0,1,2,0,1,2,back
12,239,0,0,1,2,0,1,2,back
12,240,0,0,1,2,0,1,2,back
12,241,1,0,0,2,0,0,1,back
12,242,1,1,1,1,1,1,2,back
12,243,0,0,1,2,0,1,2,back
12,244,1,1,1,1,0,0,2,back
12,245,0,0,1,2,0,1,2,back
12,246,1,0,0,2,0,0,2,back
12,247,0,0,1,2,0,1,2,back
12,248,0,0,1,2,0,1,2,back
12,249,0,0,1,2,0,1,2,back
12,250,0,0,1,2,0,1,2,back
12,251,0,0,1,2,0,1,2,back
12,252,0,0,1,2,0,1,2,back
12,253,0,0,1,2,0,1,2,back
12,254,0,0,1,2,0,1,2,back
12,255,0,0,1,2,0,1,2,back
12,256,0,0,1,2,1,0,1,back
12,257,0,0,1,2,0,1,2,back
12,258,0,0,1,2,0,1,2,back
12,259,0,0,1,2,0,1,2,back
12,260,0,0,1,2,0,1,2,back
12,261,0,0,1,2,0,1,2,back
12,262,1,1,1,2,1,1,2,back
12,263,0,0,1,2,0,1,2,back
12,264,1,1,1,2,1,1,2,back
12,265,1,1,1,2,1,1,2,back
12,266,0,0,1,2,0,1,2,back
12,267,0,0,1,2,0,1,2,back
12,268,0,0,1,2,0,1,2,back
12,269,0,0,1,2,0,1,2,back
12,270,1,1,1,2,1,1,2,back
12,271,0,0,1,2,0,1,2,back
12,272,0,0,1,2,0,1,2,back
12,273,0,0,1,2,0,1,2,back
12,274,0,0,1,2,0,1,2,back
12,275,0,0,1,2,0,1,2,back
12,276,0,0,1,2,0,1,2,back
12,277,0,0,1,2,0,1,2,back
12,278,0,0,1,2,0,1,2,back
12,279,0,0,1,2,0,1,2,back
12,280,0,0,1,2,0,1,2,back
12,281,1,1,1,2,1,1,2,back
12,282,0,0,1,2,0,1,2,back
12,283,1,1,1,2,1,1,2,back
12,284,0,0,1,2,0,1,2,back
12,285,0,0,1,2,0,1,2,back
12,286,0,0,1,2,0,1,2,back
12,287,0,0,1,2,0,1,2,back
12,288,0,0,1,2,0,1,2,back
12,289,0,0,1,2,0,1,2,back
12,290,1,1,1,2,1,1,2,back
12,291,0,0,1,1,0,1,2,back
12,292,0,0,1,2,0,1,2,back
12,293,0,0,1,2,0,1,2,back
12,294,0,0,1,2,0,1,2,back
12,295,0,0,1,2,0,1,2,back
12,296,0,0,1,2,0,1,2,back
12,297,0,0,1,1,0,1,2,back
12,298,0,0,1,2,0,1,2,back
12,299,0,0,1,2,0,1,2,back
12,300,0,0,1,2,0,1,2,back
13,1,0,0,1,2,0,1,2,back
13,2,0,1,0,2,0,1,1,back
13,3,0,1,0,1,0,1,1,back
13,4,0,0,1,1,0,1,2,back
13,5,0,0,1,1,0,1,1,back
13,6,0,0,1,1,0,1,2,back
13,7,0,1,0,1,0,1,1,back
13,8,0,1,0,1,0,1,2,back
13,9,0,0,1,1,0,1,2,back
13,10,1,1,1,2,1,1,2,back
13,11,0,1,0,1,0,1,2,back
13,12,0,1,0,1,0,1,2,back
13,13,0,1,0,1,0,1,2,back
13,14,0,0,1,1,0,1,2,back
13,15,0,1,0,1,0,1,2,back
13,16,1,1,1,2,1,1,2,back
13,17,1,1,1,2,1,1,2,back
13,18,0,0,1,1,0,1,1,back
13,19,0,1,0,1,0,1,1,back
13,20,0,0,1,1,0,1,1,back
13,21,1,1,1,2,1,1,2,back
13,22,0,0,1,1,0,1,1,back
13,23,0,0,1,1,0,1,2,back
13,24,0,0,1,1,0,1,2,back
13,25,0,0,1,2,0,1,2,back
13,26,0,0,1,2,0,1,2,back
13,27,0,0,1,1,0,1,2,back
13,28,0,0,1,1,0,1,1,back
13,29,1,1,1,2,0,0,2,back
13,30,0,0,1,1,0,1,2,back
13,31,0,0,1,1,0,1,1,back
13,32,0,1,0,1,0,1,1,back
13,33,0,0,1,1,0,1,2,back
13,34,0,0,1,1,0,1,1,back
13,35,0,1,0,1,0,1,2,back
13,36,0,0,1,1,0,1,2,back
13,37,0,0,1,1,0,1,1,back
13,38,0,0,1,2,0,1,2,back
13,39,0,0,1,2,0,1,2,back
13,40,1,1,1,1,0,0,1,back
13,41,0,0,1,1,0,1,1,back
13,42,0,0,1,1,0,1,1,back
13,43,0,0,1,1,0,1,2,back
13,44,0,0,1,1,0,1,2,back
13,45,1,1,1,2,1,1,2,back
13,46,1,1,1,2,1,1,2,back
13,47,0,0,1,1,0,1,2,back
13,48,0,0,1,1,0,1,2,back
13,49,1,0,0,1,0,0,2,back
13,50,0,0,1,1,0,1,1,back
13,51,0,0,1,1,0,1,2,back
13,52,1,1,1,2,1,1,2,back
13,53,0,0,1,1,1,0,2,back
13,54,0,0,1,1,0,1,2,back
13,55,0,1,0,1,1,0,1,back
13,56,0,0,1,1,0,1,2,back
13,57,0,0,1,2,0,1,2,back
13,58,0,0,1,2,0,1,2,back
13,59,0,0,1,1,0,1,1,back
13,60,0,1,0,1,0,1,1,back
13,61,0,1,0,1,0,1,1,back
13,62,0,0,1,1,0,1,2,back
13,63,0,0,1,1,0,1,1,back
13,64,1,1,1,1,1,1,2,back
13,65,0,0,1,1,0,1,1,back
13,66,0,0,1,1,0,1,2,back
13,67,0,0,1,1,0,1,2,back
13,68,0,0,1,1,0,1,1,back
13,69,0,0,1,1,0,1,2,back
13,70,0,0,1,1,0,1,2,back
13,71,0,0,1,1,0,1,1,back
13,72,0,0,1,1,0,1,2,back
13,73,0,1,0,1,0,1,1,back
13,74,0,0,1,1,0,1,2,back
13,75,0,0,1,1,0,1,1,back
13,76,0,0,1,1,0,1,2,back
13,77,0,0,1,2,0,1,2,back
13,78,1,1,1,2,0,0,2,back
13,79,0,0,1,1,0,1,1,back
13,80,0,0,1,1,0,1,2,back
13,81,1,1,1,1,0,0,1,back
13,82,0,0,1,1,0,1,2,back
13,83,0,0,1,1,0,1,2,back
13,84,0,1,0,1,0,1,1,back
13,85,0,0,1,1,0,1,1,back
13,86,0,0,1,1,0,1,2,back
13,87,0,0,1,1,0,1,1,back
13,88,0,0,1,1,0,1,1,back
13,89,0,1,0,2,1,0,2,back
13,90,0,0,1,2,0,1,2,back
13,91,0,0,1,1,0,1,1,back
13,92,0,0,1,1,0,1,2,back
13,93,0,1,0,1,0,1,1,back
13,94,0,0,1,2,0,1,2,back
13,95,0,0,1,2,0,1,2,back
13,96,0,0,1,1,0,1,1,back
13,97,0,1,0,1,0,1,1,back
13,98,1,1,1,2,1,1,2,back
13,99,0,0,1,1,0,1,2,back
13,100,0,0,1,1,0,1,2,back
13,101,1,1,1,2,1,1,2,back
13,102,0,0,1,1,0,1,2,back
13,103,0,1,0,1,0,1,1,back
13,104,0,0,1,1,0,1,1,back
13,105,1,1,1,2,1,1,2,back
13,106,0,0,1,1,0,1,2,back
13,107,1,1,1,1,0,0,2,back
13,108,1,1,1,2,0,0,1,back
13,109,1,1,1,1,1,1,2,back
13,110,1,1,1,1,0,0,2,back
13,111,0,1,0,1,0,1,1,back
13,112,0,0,1,1,0,1,1,back
13,113,0,0,1,1,0,1,1,back
13,114,0,0,1,1,0,1,2,back
13,115,0,0,1,1,0,1,2,back
13,116,0,0,1,1,0,1,2,back
13,117,0,0,1,1,0,1,2,back
13,118,0,0,1,1,0,1,1,back
13,119,0,0,1,1,0,1,2,back
13,120,1,1,1,2,1,1,2,back
13,121,0,0,1,1,0,1,2,back
13,122,0,0,1,1,0,1,1,back
13,123,0,1,0,2,1,0,2,back
13,124,0,0,1,1,0,1,2,back
13,125,1,1,1,1,1,1,1,back
13,126,0,0,1,1,0,1,2,back
13,127,1,1,1,2,0,0,1,back
13,128,0,0,1,1,0,1,1,back
13,129,0,0,1,1,0,1,2,back
13,130,0,1,0,1,0,1,2,back
13,131,0,0,1,1,0,1,2,back
13,132,0,0,1,1,0,1,1,back
13,133,0,0,1,1,0,1,2,back
13,134,0,0,1,2,0,1,2,back
13,135,0,0,1,1,0,1,1,back
13,136,0,0,1,1,0,1,2,back
13,137,0,1,0,1,0,1,1,back
13,138,0,0,1,1,1,0,2,back
13,139,0,0,1,1,0,1,2,back
13,140,0,0,1,1,0,1,1,back
13,141,0,1,0,1,0,1,1,back
13,142,0,0,1,1,0,1,2,back
13,143,1,1,1,2,1,1,2,back
13,144,0,0,1,1,0,1,2,back
13,145,0,0,1,1,0,1,2,back
13,146,0,0,1,1,0,1,2,back
13,147,0,0,1,2,0,1,2,back
13,148,1,0,0,1,0,0,1,back
13,149,0,0,1,1,0,1,1,back
13,150,0,0,1,1,0,1,1,back
13,151,0,0,1,1,0,1,2,back
13,152,1,1,1,1,1,1,2,back
13,153,1,1,1,2,1,1,2,back
13,154,0,0,1,1,0,1,2,back
13,155,0,0,1,1,0,1,2,back
13,156,0,0,1,1,0,1,1,back
13,157,0,0,1,1,0,1,2,back
13,158,0,0,1,1,0,1,1,back
13,159,0,0,1,1,1,0,1,back
13,160,0,0,1,1,0,1,1,back
13,161,1,1,1,2,1,1,2,back
13,162,0,0,1,1,0,1,2,back
13,163,0,0,1,1,0,1,2,back
13,164,0,0,1,1,0,1,1,back
13,165,1,1,1,2,1,1,2,back
13,166,1,1,1,2,1,1,1,back
13,167,0,1,0,1,0,1,1,back
13,168,0,0,1,2,0,1,2,back
13,169,1,1,1,2,1,1,2,back
13,170,0,0,1,1,0,1,2,back
13,171,0,0,1,1,0,1,1,back
13,172,0,0,1,1,0,1,1,back
13,173,0,1,0,1,0,1,2,back
13,174,0,0,1,1,0,1,2,back
13,175,0,0,1,1,0,1,2,back
13,176,0,0,1,1,0,1,1,back
13,177,0,0,1,1,0,1,2,back
13,178,0,1,0,2,1,0,2,back
13,179,0,0,1,1,0,1,2,back
13,180,0,0,1,1,0,1,1,back
13,181,0,0,1,1,0,1,1,back
13,182,0,0,1,1,0,1,2,back
13,183,0,0,1,1,0,1,2,back
13,184,1,1,1,2,1,1,2,back
13,185,1,1,1,2,1,1,2,back
13,186,1,1,1,2,1,1,2,back
13,187,0,0,1,2,0,1,2,back
13,188,0,0,1,1,0,1,2,back
13,189,0,0,1,1,0,1,2,back
13,190,0,0,1,1,0,1,1,back
13,191,0,0,1,1,0,1,2,back
13,192,0,0,1,1,0,1,2,back
13,193,0,0,1,1,0,1,2,back
13,194,0,1,0,1,0,1,1,back
13,195,0,0,1,1,0,1,2,back
13,196,0,0,1,1,0,1,1,back
13,197,0,0,1,1,0,1,2,back
13,198,0,0,1,2,0,1,2,back
13,199,0,1,0,1,0,1,2,back
13,200,0,0,1,1,0,1,1,back
13,201,0,1,0,1,0,1,2,back
13,202,1,1,1,2,1,1,2,back
13,203,0,0,1,2,0,1,2,back
13,204,1,1,1,2,1,1,2,back
13,205,0,1,0,2,0,1,1,back
13,206,0,1,0,2,0,1,1,back
13,207,1,1,1,2,1,1,2,back
13,208,0,0,1,2,0,1,2,back
13,209,0,0,1,1,0,1,1,back
13,210,0,0,1,2,0,1,1,back
13,211,0,0,1,2,0,1,2,back
13,212,0,0,1,1,0,1,1,back
13,213,0,0,1,2,0,1,1,back
13,214,0,0,1,2,0,1,2,back
13,215,0,0,1,1,0,1,2,back
13,216,0,0,1,2,0,1,2,back
13,217,0,0,1,2,0,1,2,back
13,218,0,0,1,2,0,1,2,back
13,219,0,0,1,1,0,1,1,back
13,220,0,0,1,1,0,1,1,back
13,221,0,0,1,2,0,1,2,back
13,222,0,0,1,2,0,1,1,back
13,223,0,0,1,1,0,1,2,back
13,224,1,1,1,2,1,1,2,back
13,225,0,0,1,1,0,1,1,back
13,226,0,0,1,1,0,1,1,back
13,227,0,0,1,2,0,1,2,back
13,228,0,0,1,2,0,1,2,back
13,229,0,0,1,1,0,1,2,back
13,230,0,0,1,2,0,1,2,back
13,231,0,1,0,1,0,1,2,back
13,232,0,0,1,1,0,1,2,back
13,233,0,0,1,2,0,1,2,back
13,234,0,0,1,2,0,1,2,back
13,235,0,0,1,2,0,1,2,back
13,236,0,0,1,2,0,1,2,back
13,237,1,0,0,2,0,0,2,back
13,238,0,0,1,2,0,1,2,back
13,239,0,0,1,2,0,1,2,back
13,240,0,0,1,2,0,1,2,back
13,241,1,1,1,1,1,1,2,back
13,242,1,1,1,2,1,1,2,back
13,243,0,0,1,1,0,1,2,back
13,244,1,0,0,1,0,0,2,back
13,245,0,0,1,2,0,1,1,back
13,246,1,0,0,1,1,1,1,back
13,247,0,0,1,2,0,1,2,back
13,248,0,0,1,2,0,1,2,back
13,249,0,0,1,2,0,1,2,back
13,250,0,0,1,2,0,1,2,back
13,251,0,0,1,1,0,1,2,back
13,252,0,0,1,2,0,1,2,back
13,253,0,0,1,2,0,1,2,back
13,254,0,0,1,2,0,1,2,back
13,255,0,0,1,1,0,1,1,back
13,256,0,0,1,1,0,1,1,back
13,257,0,1,0,1,0,1,1,back
13,258,0,0,1,2,0,1,1,back
13,259,0,0,1,2,0,1,2,back
13,260,0,0,1,2,0,1,2,back
13,261,0,0,1,2,0,1,2,back
13,262,1,1,1,2,1,1,2,back
13,263,0,0,1,1,0,1,1,back
13,264,1,1,1,2,1,1,2,back
13,265,1,1,1,1,1,1,1,back
13,266,0,0,1,2,0,1,2,back
13,267,0,0,1,2,0,1,2,back
13,268,0,0,1,1,0,1,2,back
13,269,0,0,1,2,0,1,2,back
13,270,1,1,1,2,1,1,2,back
13,271,0,0,1,1,0,1,2,back
13,272,0,0,1,1,0,1,2,back
13,273,0,0,1,2,0,1,2,back
13,274,0,0,1,2,0,1,2,back
13,275,0,1,0,1,0,1,1,back
13,276,0,0,1,2,0,1,2,back
13,277,0,0,1,2,0,1,2,back
13,278,0,0,1,2,0,1,1,back
13,279,0,0,1,2,0,1,2,back
13,280,0,0,1,2,0,1,2,back
13,281,1,1,1,2,1,1,2,back
13,282,0,0,1,1,0,1,1,back
13,283,1,1,1,2,1,1,2,back
13,284,0,0,1,1,1,0,2,back
13,285,0,0,1,1,0,1,2,back
13,286,0,0,1,2,0,1,2,back
13,287,0,0,1,1,0,1,1,back
13,288,0,0,1,1,0,1,1,back
13,289,0,0,1,1,0,1,2,back
13,290,1,1,1,2,1,1,2,back
13,291,0,1,0,1,0,1,1,back
13,292,0,0,1,2,0,1,2,back
13,293,0,0,1,2,0,1,2,back
13,294,0,0,1,2,0,1,2,back
13,295,0,0,1,2,0,1,1,back
13,296,0,0,1,2,0,1,2,back
13,297,0,0,1,1,0,1,1,back
13,298,0,0,1,1,0,1,2,back
13,299,0,0,1,2,0,1,2,back
13,300,0,0,1,1,0,1,1,back
